lat,lng,elevation,slope,risk_score,risk_level
37.48996530624181,127.03738513995542,36.7,3720.8773,0.0,Safe
37.48996562388805,127.03636746974186,39.38,5201.0408,0.0,Safe
37.48996593276825,127.03534979951256,44.76,9265.0378,0.0,Safe
37.48996623288241,127.03433212926794,38.72,7743.5673,0.0,Safe
37.48996652423054,127.03331445900844,25.49,3134.6404,0.5,Caution
37.48996680681263,127.03229678873451,21.86,1867.0715,1.0,Danger
37.48996708062868,127.0312791184466,19.87,1046.3208,1.0,Danger
37.48996734567871,127.03026144814514,18.96,655.7064,1.0,Danger
37.48996760196269,127.02924377783056,18.01,396.9459,1.0,Danger
37.48996784948062,127.02822610750331,17.66,299.5096,1.0,Danger
37.48996808823253,127.02720843716388,17.81,341.2592,1.0,Danger
37.4899683182184,127.0261907668126,17.72,427.5758,1.0,Danger
37.489968539438216,127.02517309645,17.91,653.9261,1.0,Danger
37.489968751892,127.0241554260765,20.22,1293.5976,1.0,Danger
37.48996895557976,127.02313775569256,23.99,1991.4149,0.5,Caution
37.489969150501466,127.02212008529855,22.93,1464.8484,1.0,Danger
37.48996933665713,127.02110241489498,21.86,1517.659,1.0,Danger
37.48996951404675,127.02008474448228,23.19,1428.2533,1.0,Danger
37.489969682670335,127.01906707406086,26.04,1569.1142,0.0,Safe
37.48996984252788,127.01804940363118,26.89,1911.9476,0.0,Safe
37.48996999361938,127.01703173319368,24.05,1752.1441,1.0,Danger
37.48997013594485,127.0160140627488,23.43,1606.6107,1.0,Danger
37.49013493289913,127.0380531569876,34.8,2968.3196,0.0,Safe
37.49013525630078,127.03703548448048,35.74,3785.0231,0.0,Safe
37.49013557093634,127.03601781195732,39.29,5805.8282,0.0,Safe
37.490135876805816,127.03500013941856,41.02,7993.2332,0.0,Safe
37.4901361739092,127.0339824668646,31.04,5332.1281,0.0,Safe
37.49013646224649,127.03296479429598,23.95,2840.4404,0.5,Caution
37.49013674181769,127.03194712171305,21.04,1791.132,1.0,Danger
37.4901370126228,127.03092944911629,19.61,989.238,1.0,Danger
37.49013727466182,127.02991177650613,18.57,618.2233,1.0,Danger
37.49013752793476,127.028894103883,17.74,394.3728,1.0,Danger
37.49013777244159,127.02787643124736,17.7,298.0799,1.0,Danger
37.490776212907086,127.0373855441032,32.63,3416.9347,0.0,Safe
37.49077653056258,127.03636786288824,31.32,3661.4039,0.0,Safe
37.490776839451776,127.03535018165752,29.24,4120.9095,0.0,Safe
37.49077713957468,127.03433250041152,27.64,4143.7693,0.0,Safe
37.49077743093129,127.03331481915062,24.38,3077.4699,0.5,Caution
37.49077771352162,127.03229713787528,21.87,2132.2157,0.5,Caution
37.49077798734565,127.03127945658596,19.86,1175.4078,1.0,Danger
37.49077825240339,127.03026177528312,18.82,709.4189,1.0,Danger
37.49077850869483,127.02924409396712,17.97,436.4744,1.0,Danger
37.49077875621998,127.02822641263846,17.46,366.6564,1.0,Danger
37.49077899497884,127.0272087312976,17.31,328.3446,1.0,Danger
37.49077922497139,127.02619104994491,17.01,359.3658,1.0,Danger
37.490779446197664,127.02517336858092,17.1,606.3369,1.0,Danger
37.49077965865764,127.02415568720602,18.68,1229.6907,1.0,Danger
37.49077986235132,127.02313800582064,20.84,1567.238,1.0,Danger
37.49078005727871,127.02212032442525,20.71,1796.1466,1.0,Danger
37.490780243439794,127.02110264302028,21.93,1895.8905,1.0,Danger
37.49078042083459,127.02008496160614,24.01,1732.1831,1.0,Danger
37.490780589463085,127.01906728018332,27.17,2095.633,0.0,Safe
37.49078074932528,127.01804959875224,26.63,2481.7394,0.0,Safe
37.49078090042119,127.01703191731332,22.08,2303.0674,0.5,Caution
37.4907810427508,127.01601423586705,21.57,1987.2631,0.5,Caution
37.49094583953483,127.03805356835942,30.68,2549.565,0.0,Safe
37.4909461629459,127.03703588485078,31.74,3420.3057,0.0,Safe
37.49094647759063,127.03601820132614,29.61,3546.678,0.0,Safe
37.49094678346899,127.03500051778587,27.72,3998.201,0.0,Safe
37.49094708058103,127.03398283423049,26.15,3723.7727,0.0,Safe
37.49094736892673,127.03296515066032,23.38,2634.1263,0.5,Caution
37.49094764850607,127.03194746707588,20.76,1657.2297,1.0,Danger
37.49094791931906,127.0309297834776,19.26,935.1439,1.0,Danger
37.49094818136573,127.02991209986595,18.49,591.6791,1.0,Danger
37.49094843464603,127.02889441624134,17.78,385.0216,1.0,Danger
37.49094867915999,127.0278767326042,17.41,355.8073,1.0,Danger
37.491587119460775,127.03738594826716,28.56,2653.5784,0.0,Safe
37.49158743712552,127.03636825605038,29.13,3060.6448,0.0,Safe
37.49158774602372,127.0353505638178,24.92,3825.4883,0.5,Caution
37.49158804615536,127.03433287156992,23.6,3063.6325,0.5,Caution
37.49158833752047,127.0333151793072,23.83,2673.2478,0.5,Caution
37.49158862011901,127.03229748703002,20.27,1645.9554,1.0,Danger
37.49158889395101,127.03127979473886,18.81,933.4571,1.0,Danger
37.49158915901647,127.03026210243416,18.23,540.9518,1.0,Danger
37.49158941531538,127.02924441011632,18.11,492.7523,1.0,Danger
37.49158966284774,127.02822671778584,17.44,380.1058,1.0,Danger
37.49158990161354,127.02720902544311,16.72,401.8442,1.0,Danger
37.49159013161281,127.0261913330886,16.18,479.3585,1.0,Danger
37.49159035284552,127.02517364072276,16.54,590.3185,1.0,Danger
37.49159056531168,127.024155948346,17.18,1027.9061,1.0,Danger
37.491590769011296,127.02313825595876,19.21,1653.3528,1.0,Danger
37.49159096394436,127.02212056356151,24.09,2298.6618,0.5,Caution
37.491591150110864,127.02110287115468,28.74,3340.7533,0.0,Safe
37.49159132751083,127.0200851787387,30.65,3643.0598,0.0,Safe
37.49159149614424,127.01906748631404,33.25,5132.1514,0.0,Safe
37.49159165601109,127.01804979388108,28.47,3514.9131,0.0,Safe
37.4915918071114,127.01703210144034,18.62,2903.777,0.5,Caution
37.49159194944515,127.0160144089922,17.65,2262.8459,0.5,Caution
37.49175674605894,127.0380539797477,26.49,2512.9763,0.0,Safe
37.49175706947943,127.03703628523716,29.63,2850.2521,0.0,Safe
37.49175738413331,127.03601859071055,27.56,3268.3573,0.0,Safe
37.491757690020606,127.03500089616836,23.6,3510.8347,0.5,Caution
37.49175798714129,127.03398320161102,23.46,2649.6499,0.5,Caution
37.49175827549538,127.03296550703892,21.51,2149.892,0.5,Caution
37.49175855508287,127.03194781245256,19.31,1285.6632,1.0,Danger
37.49175882590375,127.03093011785236,18.3,716.7417,1.0,Danger
37.49175908795804,127.02991242323874,18.15,489.3199,1.0,Danger
37.491759341245725,127.0288947286122,17.75,420.9155,1.0,Danger
37.49175958576681,127.02787703397313,17.17,393.5198,1.0,Danger
37.49175982152128,127.02685933932196,16.35,426.952,1.0,Danger
37.49239802590289,127.03738635244731,26.84,2489.749,0.0,Safe
37.49239834357687,127.03636864922824,28.36,3155.8081,0.0,Safe
37.49239865248406,127.0353509459934,23.9,2576.1404,0.5,Caution
37.492398952624455,127.03433324274326,20.78,2220.3165,0.5,Caution
37.49239924399804,127.03331553947822,19.33,1734.6557,1.0,Danger
37.492399526604814,127.03229783619878,18.5,1174.1411,1.0,Danger
37.49239980044481,127.03128013290532,17.78,657.9798,1.0,Danger
37.49240006551797,127.03026242959832,17.65,418.8403,1.0,Danger
37.49240032182435,127.0292447262782,17.44,380.5803,1.0,Danger
37.49240056936391,127.02822702294544,17.03,363.43,1.0,Danger
37.49240080813668,127.02720931960042,16.58,309.1606,1.0,Danger
37.49240103814264,127.02619161624362,16.36,254.2775,1.0,Danger
37.4924012593818,127.02517391287546,16.86,445.6913,1.0,Danger
37.492401471854144,127.02415620949644,17.0,842.7235,1.0,Danger
37.49240167555969,127.02313850610692,18.22,1545.2197,1.0,Danger
37.492401870498426,127.02212080270738,22.23,2110.2701,0.5,Caution
37.49240205667036,127.02110309929824,25.98,2895.4896,0.0,Safe
37.49240223407549,127.02008539587996,27.5,3035.2661,0.0,Safe
37.4924024027138,127.019067692453,30.91,4724.9226,0.0,Safe
37.49240256258532,127.01804998901778,25.07,3530.8833,0.5,Caution
37.492402713690026,127.01703228557471,16.21,2975.8157,0.5,Caution
37.49240285602792,127.0160145821243,16.26,2013.6552,0.5,Caution
37.49256765247146,127.03805439115249,24.43,2309.4723,0.5,Caution
37.492567975901366,127.03703668563958,27.31,2649.5692,0.0,Safe
37.49256829056442,127.03601898011058,25.67,2832.1373,0.0,Safe
37.492568596460615,127.03500127456604,22.02,2435.0272,0.5,Caution
37.492568893589954,127.03398356900628,19.83,1933.1426,1.0,Danger
37.49256918195243,127.03296586343184,18.85,1418.6844,1.0,Danger
37.49256946154807,127.03194815784308,18.04,890.8198,1.0,Danger
37.49256973237684,127.0309304522405,17.64,490.7323,1.0,Danger
37.492569994438746,127.02991274662452,17.49,377.9157,1.0,Danger
37.492570247733816,127.0288950409956,17.13,375.5064,1.0,Danger
37.49257049226201,127.0278773353541,16.85,345.3004,1.0,Danger
37.49257072802335,127.02685962970058,16.41,265.6169,1.0,Danger
37.493208932233394,127.03738675664368,23.16,1872.3902,1.0,Danger
37.49320924991663,127.03636904242188,23.04,2000.6828,0.5,Caution
37.49320955883282,127.03535132818432,20.85,1820.028,1.0,Danger
37.49320985898194,127.03433361393144,19.11,1406.782,1.0,Danger
37.49321015036401,127.03331589966368,18.17,1049.6167,1.0,Danger
37.49321043297902,127.03229818538148,17.79,603.5596,1.0,Danger
37.49321070682698,127.03128047108532,17.51,369.4367,1.0,Danger
37.49321097190788,127.03026275677558,17.21,402.2697,1.0,Danger
37.49321122822171,127.02924504245274,16.87,432.3176,1.0,Danger
37.49321147576849,127.02822732811724,16.59,352.8553,1.0,Danger
37.49321171454822,127.02720961376951,16.57,264.6044,1.0,Danger
37.49321194456087,127.02619189941,16.43,303.7378,1.0,Danger
37.49321216580647,127.0251741850391,16.3,426.4184,1.0,Danger
37.493212378285016,127.02415647065732,16.5,812.9346,1.0,Danger
37.49321258199648,127.02313875626508,17.48,1417.0031,1.0,Danger
37.4932127769409,127.0221210418628,19.89,2131.5766,0.5,Caution
37.493212963118246,127.02110332745094,22.3,2752.7262,0.5,Caution
37.49321314052855,127.02008561302996,24.27,3174.0137,0.5,Caution
37.49321330917178,127.01906789860024,24.38,3684.2702,0.5,Caution
37.49321346904795,127.01805018416228,18.0,2938.2226,0.5,Caution
37.49321362015705,127.01703246971653,14.85,2506.6467,0.5,Caution
37.493213762499096,127.01601475526334,15.54,1910.4659,1.0,Danger
37.49337855877239,127.03805480257374,22.97,1544.6355,1.0,Danger
37.49337888221172,127.037037086058,22.99,1729.3355,1.0,Danger
37.49337919688392,127.03601936952624,21.76,1920.5023,1.0,Danger
37.49337950278903,127.03500165297883,19.92,1581.909,1.0,Danger
37.49337979992704,127.03398393641628,18.49,1221.9988,1.0,Danger
37.493380088297904,127.032966219839,17.82,842.0918,1.0,Danger
37.493380367901686,127.03194850324743,17.66,423.5,1.0,Danger
37.49338063873834,127.03093078664205,17.42,355.9979,1.0,Danger
37.49338090080789,127.02991307002324,17.1,403.679,1.0,Danger
37.49338115411034,127.02889535339148,16.74,409.7539,1.0,Danger
37.49338139864566,127.02787763674722,16.51,290.1382,1.0,Danger
37.493381634413865,127.02685992009084,16.45,263.3691,1.0,Danger
37.49338186141495,127.02584220342284,16.23,352.8773,1.0,Danger
37.49401983845231,127.03738716085624,21.73,1346.3489,1.0,Danger
37.4940201561448,127.03636943563129,20.86,1453.2809,1.0,Danger
37.49402046506998,127.03535171039056,19.57,1440.9182,1.0,Danger
37.494020765227845,127.0343339851345,18.5,1223.5062,1.0,Danger
37.4940210566184,127.03331625986358,17.58,1046.3251,1.0,Danger
37.49402133924165,127.03229853457825,17.45,660.6963,1.0,Danger
37.49402161309758,127.0312808092789,17.64,440.5796,1.0,Danger
37.4940218781862,127.030263083966,17.32,626.9483,1.0,Danger
37.49402213450749,127.02924535863998,16.99,639.5668,1.0,Danger
37.49402238206148,127.02822763330128,16.52,502.8762,1.0,Danger
37.49402262084816,127.0272099079504,16.03,372.5895,1.0,Danger
37.49402285086752,127.02619218258768,15.97,392.4412,1.0,Danger
37.494023072119546,127.02517445721362,15.47,519.2071,1.0,Danger
37.49402328460428,127.0241567318287,15.3,676.4269,1.0,Danger
37.494023488321695,127.02313900643328,15.76,1167.5257,1.0,Danger
37.49402368327178,127.02212128102784,17.52,1872.4795,1.0,Danger
37.494023869454566,127.0211035556128,19.28,2594.6701,0.5,Caution
37.49402404687002,127.02008583018863,18.11,2856.2076,0.5,Caution
37.49402421551816,127.01906810475576,15.53,2800.5141,0.5,Caution
37.494024375399,127.01805037931462,14.18,2506.5846,0.5,Caution
37.4940245265125,127.01703265386568,14.54,2108.4471,0.5,Caution
37.494024668858685,127.01601492840932,15.62,1831.0813,1.0,Danger
37.494189464961714,127.0380552140115,22.42,1161.7399,1.0,Danger
37.49418978841046,127.03703748649252,21.53,1268.9901,1.0,Danger
37.494190103091846,127.03601975895748,20.43,1402.4546,1.0,Danger
37.49419040900587,127.0350020314068,19.21,1281.8843,1.0,Danger
37.49419070615252,127.033984303841,18.36,1048.3358,1.0,Danger
37.49419099453179,127.03296657626046,17.62,792.6388,1.0,Danger
37.49419127414371,127.03194884866564,17.66,464.1673,1.0,Danger
37.494191544988254,127.03093112105698,17.62,539.3843,1.0,Danger
37.49419180706544,127.02991339343492,17.35,673.6313,1.0,Danger
37.49419206037525,127.02889566579992,16.99,593.2976,1.0,Danger
37.49419230491769,127.02787793815236,16.18,480.5916,1.0,Danger
37.494192540692765,127.02686021049271,16.03,340.0981,1.0,Danger
37.49419276770048,127.02584248282147,15.62,475.1726,1.0,Danger
37.49419298594081,127.02482475513902,15.24,564.1724,1.0,Danger
37.49483074455964,127.03738756508498,22.05,1187.2856,1.0,Danger
37.494831062261376,127.03636982885642,21.2,1254.7787,1.0,Danger
37.49483137119556,127.03535209261209,20.05,1480.6992,1.0,Danger
37.49483167136218,127.03433435635242,19.42,1437.8612,1.0,Danger
37.49483196276122,127.03331662007793,19.13,1169.1609,1.0,Danger
37.494832245392686,127.03229888378894,17.92,973.792,1.0,Danger
37.49483251925659,127.031281147486,18.13,1032.4954,1.0,Danger
37.49483278435292,127.03026341116949,18.22,1336.2424,1.0,Danger
37.4948330406817,127.02924567483988,17.91,1328.2014,1.0,Danger
37.494833288242894,127.02822793849757,16.67,953.9888,1.0,Danger
37.49483352703651,127.02721020214304,15.81,622.3918,1.0,Danger
37.49483375706257,127.02619246577676,15.6,522.8754,1.0,Danger
37.49483397832106,127.02517472939908,14.81,615.7229,1.0,Danger
37.49483419081198,127.02415699301052,14.77,621.1719,1.0,Danger
37.49483439453533,127.02313925661149,14.75,858.3908,1.0,Danger
37.49483458949109,127.02212152020245,15.73,1342.8917,1.0,Danger
37.494834775679294,127.0211037837838,16.74,1845.6204,1.0,Danger
37.49483495309991,127.02008604735602,13.98,2046.3089,0.5,Caution
37.49483512175296,127.01906831091952,13.2,2416.3125,0.5,Caution
37.49483528163845,127.01805057447476,14.27,2132.13,0.5,Caution
37.49483543275636,127.0170328380222,15.96,1972.9577,0.5,Caution
37.49483557510669,127.01601510156225,16.93,2210.0262,0.5,Caution
37.49500037103947,127.03805562546572,23.05,1247.5899,1.0,Danger
37.49500069449763,127.03703788694304,22.12,1184.4765,1.0,Danger
37.495001009188165,127.0360201484043,21.07,1353.9404,1.0,Danger
37.4950013151111,127.03500240984997,20.12,1435.5217,1.0,Danger
37.49500161226639,127.03398467128044,20.19,1411.7288,1.0,Danger
37.49500190065408,127.03296693269624,18.77,1066.226,1.0,Danger
37.495002180274135,127.03194919409768,18.2,935.5214,1.0,Danger
37.495002451126574,127.03093145548532,18.49,1263.6116,1.0,Danger
37.495002713211385,127.02991371685955,18.79,1556.9036,1.0,Danger
37.49500296652858,127.02889597822085,17.82,1277.1373,1.0,Danger
37.49500321107814,127.0278782395696,16.34,753.6619,1.0,Danger
37.49500344686008,127.02686050090628,15.99,456.9676,1.0,Danger
37.4950036738744,127.0258427622313,15.19,605.304,1.0,Danger
37.4950038921211,127.02482502354516,14.66,615.5517,1.0,Danger
37.49564165055536,127.03738796932996,24.16,1930.8665,1.0,Danger
37.49564196826637,127.03637022209732,22.58,2068.6966,0.5,Caution
37.49564227720954,127.03535247484892,22.04,2281.4196,0.5,Caution
37.4956425773849,127.03433472758525,22.18,2053.4173,0.5,Caution
37.495642868792416,127.03331698030668,21.09,1702.7336,1.0,Danger
37.49564315143212,127.03229923301366,18.9,1413.6372,1.0,Danger
37.49564342530401,127.03128148570664,19.71,1664.8129,1.0,Danger
37.49564369040806,127.03026373838613,20.88,2041.0347,0.5,Caution
37.4956439467443,127.02924599105242,20.24,2132.3355,0.5,Caution
37.4956441943127,127.02822824370608,17.59,1607.7768,1.0,Danger
37.49564443311329,127.02721049634752,16.31,859.2633,1.0,Danger
37.495644663146045,127.02619274897717,15.54,738.2298,1.0,Danger
37.49564488441096,127.02517500159544,14.29,758.645,1.0,Danger
37.49564509690807,127.02415725420282,14.14,647.8976,1.0,Danger
37.49564530063736,127.02313950679974,14.22,685.6909,1.0,Danger
37.4956454955988,127.02212175938662,13.75,897.2034,1.0,Danger
37.49564568179242,127.02110401196391,13.93,1199.0423,1.0,Danger
37.49564585921821,127.0200862645321,13.16,1832.1928,1.0,Danger
37.49564602787618,127.01906851709154,13.7,2330.7076,0.5,Caution
37.49564618776631,127.01805076964274,15.71,2717.8448,0.5,Caution
37.49564633888862,127.01703302218613,18.61,3191.3194,0.5,Caution
37.4956464812431,127.01601527472212,20.37,3241.9227,0.5,Caution
37.49581127700561,127.03805603693644,25.76,2353.9573,0.0,Safe
37.4958116004732,127.03703828740964,23.99,2363.0387,0.5,Caution
37.4958119151729,127.03602053786676,22.83,2305.5327,0.5,Caution
37.49581222110474,127.03500278830826,22.68,2255.2618,0.5,Caution
37.49581251826869,127.0339850387346,22.66,2118.4882,0.5,Caution
37.49581280666477,127.03296728914624,20.09,1413.8579,1.0,Danger
37.495813086292976,127.03194953954358,19.42,1398.4999,1.0,Danger
37.495813357153295,127.03093178992708,21.04,1974.9548,0.5,Caution
37.49581361924575,127.02991404029716,21.96,2350.5032,0.5,Caution
37.49581387257031,127.0288962906543,19.7,2090.3841,0.5,Caution
37.495814117127,127.02787854099893,17.21,1299.5631,1.0,Danger
37.49581435291581,127.02686079133144,16.14,723.4633,1.0,Danger
37.49581457993674,127.02584304165232,14.85,749.2862,1.0,Danger
37.49581479818979,127.02482529196205,13.82,774.9283,1.0,Danger
37.49581500767496,127.02380754226095,14.17,649.1982,1.0,Danger
37.496452874159765,127.036370615354,25.19,3277.9939,0.5,Caution
37.49645318311194,127.03535285710112,25.53,3277.3733,0.5,Caution
37.49645348329604,127.03433509883293,24.83,2869.442,0.5,Caution
37.49645377471206,127.03331734054989,22.08,1990.5625,0.5,Caution
37.49645405735999,127.03229958225236,20.02,1827.3978,1.0,Danger
37.49645433123984,127.03128182394089,22.27,2068.582,0.5,Caution
37.496454596351626,127.03026406561582,24.84,2294.0768,0.5,Caution
37.49645485269532,127.02924630727767,23.35,2383.016,0.5,Caution
37.496455100270936,127.02822854892682,19.17,2109.6437,0.5,Caution
37.49645533907847,127.02721079056376,16.51,1322.7562,1.0,Danger
37.49645556911792,127.02619303218891,14.97,1043.109,1.0,Danger
37.4964557903893,127.0251752738027,13.36,975.4462,1.0,Danger
37.496456002892586,127.0241575154056,12.86,722.9366,1.0,Danger
37.4964562066278,127.023139756998,13.2,558.6002,1.0,Danger
37.49645640159492,127.02212199858042,12.46,1049.2109,1.0,Danger
37.496456587793965,127.0211042401532,13.04,1225.0072,1.0,Danger
37.49645676522493,127.02008648171686,14.14,1740.4765,1.0,Danger
37.4964569338878,127.01906872327184,15.3,2710.4346,0.5,Caution
37.4964570937826,127.01805096481851,19.0,3944.9084,0.5,Caution
37.4964572449093,127.0170332063574,22.37,4399.8541,0.5,Caution
37.49645738726792,127.01601544788888,27.26,4352.4399,0.0,Safe
37.496622182860165,127.03805644842367,29.03,3463.7349,0.0,Safe
37.496622506337175,127.03703868789228,26.62,3551.1349,0.0,Safe
37.49662282104604,127.0360209273448,26.42,3450.527,0.0,Safe
37.49662312698679,127.03500316678176,26.83,3521.6739,0.0,Safe
37.4966234241594,127.03398540620351,24.3,2615.2002,0.5,Caution
37.49662371256387,127.03296764561055,20.78,1837.9751,1.0,Danger
37.49662399220022,127.03194988500329,20.59,1838.0423,1.0,Danger
37.49662426306843,127.03093212438222,23.76,2214.9689,0.5,Caution
37.496624525168514,127.02991436374772,25.35,2450.5131,0.5,Caution
37.49662477850046,127.02889660310026,22.37,2495.6321,0.5,Caution
37.49662502306427,127.0278788424403,18.22,1833.6593,1.0,Danger
37.49662525885995,127.02686108176825,16.04,1121.588,1.0,Danger
37.49662548588749,127.02584332108457,14.25,979.3765,1.0,Danger
37.49662570414689,127.02482556038969,12.74,972.2913,1.0,Danger
37.49662591363816,127.02380779968402,12.91,601.7166,1.0,Danger
37.49726377994157,127.03637100862642,30.71,4230.3337,0.0,Safe
37.49726408890273,127.0353532393686,31.85,4323.992,0.0,Safe
37.49726438909556,127.0343354700955,28.13,3669.6337,0.0,Safe
37.49726468052007,127.03331770080749,22.09,2769.8099,0.5,Caution
37.49726496317624,127.03229993150508,21.38,2447.4745,0.5,Caution
37.49726523706408,127.03128216218865,23.37,2375.4654,0.5,Caution
37.49726550218357,127.03026439285868,26.23,1923.4986,0.0,Safe
37.49726575853473,127.02924662351556,25.33,2280.1481,0.5,Caution
37.49726600611756,127.0282288541598,20.77,2417.194,0.5,Caution
37.49726624493206,127.0272110847918,16.85,1809.4361,1.0,Danger
37.4972664749782,127.02619331541202,15.1,1348.5759,1.0,Danger
37.49726669625601,127.02517554602088,12.86,1218.3575,1.0,Danger
37.497266908765496,127.02415777661882,12.3,1087.9858,1.0,Danger
37.49726711250664,127.02314000720632,12.5,799.3749,1.0,Danger
37.49726730747944,127.02212223778378,12.86,781.8895,1.0,Danger
37.49726749368391,127.02110446835164,15.23,1277.2207,1.0,Danger
37.49726767112004,127.02008669891036,16.86,2393.5914,0.5,Caution
37.497267839787824,127.01906892946036,16.01,3697.8916,0.5,Caution
37.49726799968728,127.01805116000214,23.62,4800.5046,0.5,Caution
37.49726815081839,127.01703339053608,31.09,5201.3567,0.0,Safe
37.49726829318116,127.01601562106264,34.74,4970.3137,0.0,Safe
37.49743308860314,127.0380568599274,34.73,4182.0395,0.0,Safe
37.49743341208956,127.03703908839096,32.77,4361.8515,0.0,Safe
37.4974337268076,127.03602131683846,33.86,4623.0056,0.0,Safe
37.497434032757255,127.03500354527036,32.34,4393.465,0.0,Safe
37.497434329938514,127.03398577368712,25.68,3044.7869,0.0,Safe
37.4974346183514,127.03296800208912,22.31,2318.9662,0.5,Caution
37.49743489799588,127.03195023047688,22.73,2350.1516,0.5,Caution
37.49743516887198,127.03093245885076,25.24,2103.2776,0.5,Caution
37.49743543097969,127.02991468721126,26.29,2008.7965,0.0,Safe
37.49743568431902,127.02889691555878,23.65,2387.8977,0.5,Caution
37.49743592888995,127.02787914389376,19.17,2208.2182,0.5,Caution
37.49743616469248,127.02686137221669,16.82,1519.4426,1.0,Danger
37.49743639172664,127.02584360052798,14.29,1199.3664,1.0,Danger
37.49743660999241,127.02482582882806,12.83,930.2697,1.0,Danger
37.49743681948978,127.02380805711738,12.86,652.8517,1.0,Danger
37.49743702021876,127.02279028539638,13.07,591.2254,1.0,Danger
37.498074994581934,127.0353536216514,38.08,5348.7184,0.0,Safe
37.498075294783504,127.03433584137292,29.86,3761.5036,0.0,Safe
37.4980755862165,127.03331806107956,24.9,3037.8428,0.5,Caution
37.4980758688809,127.03230028077176,25.63,2624.4768,0.0,Safe
37.4980761427767,127.03128250044996,26.89,2648.7753,0.0,Safe
37.49807640790392,127.03026472011462,26.77,2400.4498,0.0,Safe
37.49807666426256,127.02924693976614,24.49,2722.5148,0.5,Caution
37.49807691185259,127.028229159405,21.35,2946.0432,0.5,Caution
37.49807715067404,127.0272113790316,18.63,2326.9318,0.5,Caution
37.49807738072688,127.02619359864649,16.22,1671.1871,1.0,Danger
37.49807760201115,127.02517581824996,13.95,1082.7525,1.0,Danger
37.49807781452682,127.02415803784253,14.06,621.5415,1.0,Danger
37.49807801827389,127.0231402574246,14.33,745.0113,1.0,Danger
37.49807821325237,127.0221224769967,14.71,1001.9761,1.0,Danger
37.498078399462266,127.0211046965592,15.76,1594.032,1.0,Danger
37.49807857690356,127.02008691611252,19.74,3524.7605,0.5,Caution
37.498078745576265,127.0190691356572,29.55,6361.6321,0.0,Safe
37.49807890548037,127.01805135519358,40.2,8602.755,0.0,Safe
37.498079056615886,127.01703357472216,39.84,7049.2885,0.0,Safe
37.4980791989828,127.01601579424332,40.23,6110.1371,0.0,Safe
37.4982439942345,127.03805727144758,42.32,4431.0678,0.0,Safe
37.49824431773035,127.03703948890568,41.13,4677.9619,0.0,Safe
37.49824463245755,127.03602170634774,40.94,5168.5781,0.0,Safe
37.498244938416114,127.0350039237742,35.2,4417.5966,0.0,Safe
37.49824523560603,127.03398614118548,27.64,3282.2173,0.0,Safe
37.49824552402731,127.03296835858204,25.57,2560.2916,0.5,Caution
37.498245803679936,127.03195057596427,26.73,2730.3908,0.0,Safe
37.49824607456392,127.03093279333272,27.58,2754.0351,0.0,Safe
37.49824633667927,127.02991501068774,26.65,2595.0771,0.0,Safe
37.49824659002597,127.0288972280298,23.96,2878.6897,0.5,Caution
37.49824683460402,127.02787944535932,20.76,2703.4713,0.5,Caution
37.49824707041344,127.02686166267678,18.09,2073.0439,0.5,Caution
37.4982472974542,127.0258438799826,15.27,1373.266,1.0,Danger
37.49824751572632,127.0248260972772,14.25,762.4061,1.0,Danger
37.49824772522979,127.02380831456108,14.07,581.9082,1.0,Danger
37.49824792596462,127.0227905318346,14.26,687.7006,1.0,Danger
37.49888590014954,127.03535400394956,38.4,4022.5627,0.0,Safe
37.49888620035986,127.03433621266524,31.38,3538.0787,0.0,Safe
37.498886491801336,127.03331842136608,27.57,3008.1483,0.0,Safe
37.49888677447397,127.03230063005246,28.44,3137.109,0.0,Safe
37.49888704837775,127.03128283872483,29.99,3888.0291,0.0,Safe
37.49888731351269,127.03026504738366,29.86,4289.3907,0.0,Safe
37.49888756987878,127.0292472560294,27.82,4114.1992,0.0,Safe
37.49888781747603,127.02822946466245,24.27,3765.2155,0.5,Caution
37.49888805630443,127.02721167328323,20.32,3162.5574,0.5,Caution
37.49888828636399,127.02619388189228,16.76,2226.0351,0.5,Caution
37.49888850765469,127.02517609048994,15.25,1201.9923,1.0,Danger
37.49888872017654,127.02415829907667,14.3,635.7488,1.0,Danger
37.49888892392955,127.02314050765295,13.47,521.6329,1.0,Danger
37.49888911891372,127.02212271621924,13.52,535.4942,1.0,Danger
37.49888930512903,127.02110492477593,14.12,1269.1417,1.0,Danger
37.49888948257549,127.02008713332344,15.56,2637.7795,0.5,Caution
37.49888965125309,127.01906934186228,24.03,4771.3108,0.5,Caution
37.49888981116186,127.01805155039284,36.03,6755.3266,0.0,Safe
37.49888996230178,127.01703375891556,34.1,5105.7554,0.0,Safe
37.49889010467285,127.01601596743092,36.6,4883.2336,0.0,Safe
37.49905489975426,127.03805768298426,47.67,4215.4303,0.0,Safe
37.49905522325953,127.03703988943649,45.34,4260.3715,0.0,Safe
37.4990555379959,127.0360220958726,42.54,4185.0239,0.0,Safe
37.499055843963376,127.03500430229316,36.33,3828.9072,0.0,Safe
37.49905614116194,127.03398650869856,29.92,3212.4187,0.0,Safe
37.49905642959162,127.03296871508918,28.19,2755.1284,0.0,Safe
37.49905670925239,127.03195092146557,30.01,3547.5091,0.0,Safe
37.49905698014427,127.03093312782808,31.61,4454.7022,0.0,Safe
37.499057242267256,127.02991533417718,30.82,4633.6313,0.0,Safe
37.49905749562134,127.02889754051334,27.87,4162.705,0.0,Safe
37.49905774020652,127.02787974683696,23.9,3568.6474,0.5,Caution
37.4990579760228,127.0268619531485,19.26,2834.5277,0.5,Caution
37.49905820307016,127.0258441594484,16.27,1792.4545,1.0,Danger
37.49905842134864,127.02482636573713,14.89,889.7899,1.0,Danger
37.49905863085821,127.02380857201506,13.83,527.4539,1.0,Danger
37.49905883159889,127.0227907782827,13.25,511.9991,1.0,Danger
37.49905902357065,127.02177298454043,13.37,613.5633,1.0,Danger
37.4996971058246,127.03433658397245,34.05,3205.1421,0.0,Safe
37.49969739727458,127.033318781667,30.19,2810.6389,0.0,Safe
37.49969767995544,127.03230097934711,32.06,3535.9148,0.0,Safe
37.499697953867205,127.03128317701328,36.27,5127.1017,0.0,Safe
37.499698219009865,127.03026537466585,37.96,5810.0134,0.0,Safe
37.49969847538342,127.02924757230532,34.44,5970.4624,0.0,Safe
37.49969872298787,127.0282297699321,28.9,5216.1629,0.0,Safe
37.49969896182322,127.02721196754663,23.21,4416.0665,0.5,Caution
37.49969919188948,127.0261941651494,18.17,3298.7138,0.5,Caution
37.49969941318663,127.02517636274084,15.21,1587.8859,1.0,Danger
37.49969962571468,127.02415856032133,13.95,686.9798,1.0,Danger
37.49969982947362,127.02314075789135,13.08,591.537,1.0,Danger
37.49970002446346,127.02212295545137,12.51,663.6915,1.0,Danger
37.49970021068419,127.02110515300178,12.89,851.3979,1.0,Danger
37.49970038813582,127.02008735054304,14.21,1971.5373,0.5,Caution
37.49970055681835,127.01906954807562,19.44,3934.5966,0.5,Caution
37.49970071673177,127.01805174559992,26.46,4796.2777,0.0,Safe
37.49970086787608,127.01703394311636,28.2,4567.46,0.0,Safe
37.49970101025129,127.01601614062548,31.4,4116.3922,0.0,Safe
37.49986580516244,127.03805809453743,52.83,4165.4808,0.0,Safe
37.499866128677134,127.0370402899833,48.65,3823.2292,0.0,Safe
37.49986644342267,127.03602248541311,44.22,3715.9986,0.0,Safe
37.49986674939905,127.03500468082731,38.67,3804.3218,0.0,Safe
37.49986704660628,127.03398687622636,32.37,2860.8178,0.0,Safe
37.49986733504435,127.03296907161064,31.13,2795.3113,0.0,Safe
37.49986761471328,127.03195126698066,34.83,4445.1777,0.0,Safe
37.49986788561304,127.03093346233683,39.58,5769.952,0.0,Safe
37.499868147743655,127.02991565767958,39.56,6378.0621,0.0,Safe
37.49986840110512,127.0288978530094,33.8,5977.9643,0.0,Safe
37.49986864569741,127.02788004832668,27.48,4863.9707,0.0,Safe
37.49986888152056,127.02686224363184,22.0,4073.3642,0.5,Caution
37.499869108574536,127.02584443892542,17.14,2658.5378,0.5,Caution
37.49986932685937,127.02482663420778,14.72,1038.411,1.0,Danger
37.49986953637505,127.02380882947938,13.71,560.1304,1.0,Danger
37.49986973712157,127.02279102474066,12.76,586.199,1.0,Danger
37.49986992909893,127.02177321999204,12.66,530.5015,1.0,Danger
37.49987011230713,127.02075541523404,13.11,890.2181,1.0,Danger
37.50050801117776,127.03433695529452,36.27,3111.9706,0.0,Safe
37.50050830263622,127.0333191419824,32.41,2792.2872,0.0,Safe
37.500508585325306,127.03230132865582,36.55,3927.9082,0.0,Safe
37.50050885924505,127.03128351531528,43.36,5832.1067,0.0,Safe
37.50050912439544,127.03026570196116,47.65,6335.2359,0.0,Safe
37.500509380776464,127.02924788859391,42.63,7016.4601,0.0,Safe
37.50050962838814,127.028230075214,32.38,6407.9081,0.0,Safe
37.500509867230434,127.02721226182187,27.12,5415.7287,0.0,Safe
37.50051009730338,127.02619444841793,21.26,4627.2364,0.5,Caution
37.50051031860698,127.02517663500262,15.3,2295.4688,0.5,Caution
37.50051053114122,127.02415882157642,14.23,865.7224,1.0,Danger
37.5005107349061,127.02314100813976,13.26,587.7065,1.0,Danger
37.500510929901615,127.02212319469308,12.67,399.4396,1.0,Danger
37.50051111612776,127.02110538123678,13.02,333.6912,1.0,Danger
37.500511293584566,127.02008756777136,13.76,1120.9461,1.0,Danger
37.50051146227201,127.01906975429722,15.36,2306.0806,0.5,Caution
37.50051162219008,127.0180519408148,18.22,3456.8821,0.5,Caution
37.5005117733388,127.0170341273246,22.28,4070.6337,0.5,Caution
37.50051191571816,127.016016313827,24.86,3779.6285,0.5,Caution
37.50067671045902,127.0380585061071,53.91,3237.8058,0.0,Safe
37.50067703398313,127.0370406905462,50.06,3401.091,0.0,Safe
37.50067734873783,127.03602287496922,45.0,3718.2065,0.0,Safe
37.50067765472312,127.03500505937664,40.49,4001.5483,0.0,Safe
37.500677951939,127.03398724376888,33.95,2767.8927,0.0,Safe
37.50067824038549,127.0329694281464,33.53,2874.0121,0.0,Safe
37.50067852006254,127.0319516125096,39.32,4781.1234,0.0,Safe
37.5006787909702,127.030933796859,46.31,6005.8357,0.0,Safe
37.50067905310844,127.02991598119496,47.92,6733.5164,0.0,Safe
37.50067930647728,127.02889816551796,39.32,6875.777,0.0,Safe
37.5006795510767,127.02788034982848,32.08,5888.4868,0.0,Safe
37.50067978690672,127.02686253412688,27.1,5354.3258,0.0,Safe
37.50068001396731,127.02584471841364,18.94,3875.1523,0.5,Caution
37.5006802322585,127.02482690268918,15.04,1382.816,1.0,Danger
37.50068044178028,127.023809086954,14.03,650.4287,1.0,Danger
37.50068064253264,127.0227912712085,12.97,474.8912,1.0,Danger
37.50068083451559,127.02177345545309,12.78,312.5984,1.0,Danger
37.50068101772914,127.02075563968826,13.12,483.5787,1.0,Danger
37.50131920788626,127.0333195023122,33.17,3897.6933,0.0,Safe
37.50131949058359,127.03230167797852,37.98,4373.8798,0.0,Safe
37.50131976451131,127.03128385363082,46.31,5610.2494,0.0,Safe
37.50132002966941,127.03026602926954,52.1,5690.3762,0.0,Safe
37.5013202860579,127.0292482048952,48.45,6288.3314,0.0,Safe
37.501320533676775,127.02823038050812,39.37,6393.4856,0.0,Safe
37.50132077252604,127.02721255610884,34.98,6214.2349,0.0,Safe
37.5013210026057,127.02619473169776,25.66,5820.5681,0.0,Safe
37.50132122391574,127.02517690727537,15.95,2945.1732,0.5,Caution
37.50132143645615,127.024159082842,14.72,1121.5551,1.0,Danger
37.50132164022696,127.0231412583982,13.72,833.7119,1.0,Danger
37.50132183522817,127.02212343394436,12.82,493.2501,1.0,Danger
37.50132202145974,127.02110560948093,12.83,305.1581,1.0,Danger
37.501322198921706,127.02008778500834,13.51,738.76,1.0,Danger
37.50132236761406,127.01906996052708,14.91,1515.2475,1.0,Danger
37.5013225275368,127.01805213603754,16.47,2139.7838,0.5,Caution
37.50132267868991,127.0170343115402,17.17,2518.8195,0.5,Caution
37.50132282107341,127.01601648703542,19.57,2830.784,0.5,Caution
37.50148761564399,127.03805891769328,52.3,2307.8201,0.0,Safe
37.50148793917752,127.03704109112512,51.44,3205.9672,0.0,Safe
37.50148825394139,127.03602326454092,47.24,3792.8198,0.0,Safe
37.50148855993559,127.03500543794112,43.13,4368.9822,0.0,Safe
37.50148885716013,127.03398761132613,35.58,3546.439,0.0,Safe
37.50148914561501,127.03296978469642,34.48,4039.0515,0.0,Safe
37.50148942530021,127.03195195805242,41.01,5268.9333,0.0,Safe
37.50148969621576,127.03093413139456,50.71,5720.8143,0.0,Safe
37.50148995836164,127.0299163047233,55.15,6692.1811,0.0,Safe
37.50149021173785,127.02889847803908,46.49,6726.232,0.0,Safe
37.5014904563444,127.02788065134231,40.01,6345.1347,0.0,Safe
37.50149069218128,127.02686282463353,33.74,6673.9607,0.0,Safe
37.50149091924848,127.02584499791304,21.18,4673.9394,0.5,Caution
37.50149113754604,127.0248271711814,15.5,1832.6275,1.0,Danger
37.50149134707392,127.02380934443894,14.45,904.1021,1.0,Danger
37.50149154783213,127.02279151768622,13.39,727.7573,1.0,Danger
37.501491739820665,127.02177369092357,12.71,401.9425,1.0,Danger
37.50149192303954,127.02075586415152,12.94,379.0896,1.0,Danger
37.50149209748874,127.01973803737047,13.78,821.1203,1.0,Danger
37.50213011302471,127.03331986265648,35.76,5169.6546,0.0,Safe
37.50213039573028,127.0323020273152,39.92,5866.6777,0.0,Safe
37.50213066966597,127.03128419195993,50.03,5691.0861,0.0,Safe
37.5021309348318,127.03026635659108,61.26,6412.1846,0.0,Safe
37.50213119122776,127.02924852120914,58.99,7127.4202,0.0,Safe
37.50213143885384,127.02823068581448,46.51,6386.8343,0.0,Safe
37.50213167771007,127.02721285040764,39.52,6686.9118,0.0,Safe
37.50213190779641,127.026195014989,27.28,6030.2147,0.0,Safe
37.502132129112894,127.02517717955898,16.33,3447.6571,0.5,Caution
37.502132341659504,127.02415934411805,15.25,1526.6404,1.0,Danger
37.50213254543626,127.02314150866664,14.28,1224.5418,1.0,Danger
37.50213274044312,127.02212367320524,13.19,884.0596,1.0,Danger
37.50213292668013,127.0211058377342,12.56,534.1778,1.0,Danger
37.50213310414726,127.02008800225408,13.13,499.596,1.0,Danger
37.50213327284452,127.0190701667652,14.36,1093.6365,1.0,Danger
37.50213343277193,127.01805233126808,16.26,1462.3908,1.0,Danger
37.50213358392944,127.01703449576311,17.44,1637.1797,1.0,Danger
37.50213372631708,127.0160166602508,16.81,1618.2147,1.0,Danger
37.50229852071737,127.03805932929592,54.9,2033.9899,0.0,Safe
37.50229884426032,127.0370414917201,56.02,3115.4911,0.0,Safe
37.50229915903336,127.03602365412826,52.25,3490.5062,0.0,Safe
37.50229946503646,127.03500581652077,47.97,4573.2621,0.0,Safe
37.50229976226967,127.03398797889812,39.68,4576.5389,0.0,Safe
37.50230005073293,127.03297014126072,37.96,5372.0524,0.0,Safe
37.50230033042629,127.03195230360905,43.83,6106.7139,0.0,Safe
37.50230060134973,127.03093446594356,54.93,5328.3989,0.0,Safe
37.50230086350323,127.02991662826462,62.56,7276.7854,0.0,Safe
37.502301116886834,127.02889879057273,54.07,6965.3502,0.0,Safe
37.5023013615005,127.0278809528683,44.45,6609.2941,0.0,Safe
37.50230159734425,127.0268631151518,34.77,6373.2112,0.0,Safe
37.50230182441807,127.02584527742368,21.49,4871.7279,0.5,Caution
37.50230204272197,127.02482743968432,16.31,2214.2667,0.5,Caution
37.50230225225595,127.02380960193425,15.36,1334.2046,1.0,Danger
37.50230245302001,127.0227917641738,14.22,1130.9628,1.0,Danger
37.50230264501414,127.0217739264035,12.96,650.9211,1.0,Danger
37.50230282823836,127.02075608862376,12.66,461.8191,1.0,Danger
37.50230300269263,127.01973825083502,13.27,623.9292,1.0,Danger
37.50294130076535,127.0323023766659,46.76,5823.1697,0.0,Safe
37.50294157470903,127.0312845303026,53.15,5125.2442,0.0,Safe
37.50294183988257,127.03026668392572,59.49,3436.4867,0.0,Safe
37.50294209628599,127.02924883753576,58.52,5260.7498,0.0,Safe
37.502942343919294,127.02823099113311,46.69,5834.2331,0.0,Safe
37.50294258278246,127.02721314471822,34.88,6191.1183,0.0,Safe
37.50294281287552,127.02619529829153,24.12,6326.4846,0.5,Caution
37.502943034198445,127.02517745185352,17.81,3735.7174,0.5,Caution
37.50294324675125,127.02415960540456,17.5,1758.6905,1.0,Danger
37.50294345053393,127.02314175894514,16.22,1583.2909,1.0,Danger
37.50294364554647,127.0221239124757,14.3,1289.6973,1.0,Danger
37.502943831788905,127.02110606599668,12.79,652.083,1.0,Danger
37.502944009261206,127.02008821950852,12.5,447.3682,1.0,Danger
37.50294417796339,127.01907037301162,12.75,832.4923,1.0,Danger
37.50294433789544,127.01805252650644,13.85,1271.1378,1.0,Danger
37.50294448905736,127.01703467999349,16.56,1056.2923,1.0,Danger
37.502944631449154,127.01601683347312,17.25,1016.684,1.0,Danger
37.50310942567915,127.03805974091507,58.09,2622.4764,0.0,Safe
37.50310974923152,127.03704189233116,59.69,3826.333,0.0,Safe
37.50311006401372,127.0360240437312,58.39,3972.9343,0.0,Safe
37.50311037002574,127.0350061951156,54.04,4156.9478,0.0,Safe
37.5031106672676,127.03398834648482,47.3,4050.9311,0.0,Safe
37.50311095573926,127.03297049783932,46.2,5055.3499,0.0,Safe
37.50311123544076,127.03195264917954,50.45,5614.4864,0.0,Safe
37.503111506372086,127.0309348005059,56.69,4079.9866,0.0,Safe
37.503111768533245,127.02991695181888,60.56,4120.2786,0.0,Safe
37.5031120219242,127.02889910311887,52.91,5660.3465,0.0,Safe
37.503112266545,127.02788125440634,41.23,6052.7867,0.0,Safe
37.503112502395616,127.02686340568174,30.58,6735.7014,0.0,Safe
37.50311272947605,127.02584555694548,21.09,5124.6435,0.5,Caution
37.50311294778631,127.02482770819802,18.28,2382.8339,0.5,Caution
37.5031131573264,127.0238098594398,17.83,1647.9187,1.0,Danger
37.503113358096286,127.02279201067128,16.08,1627.9456,1.0,Danger
37.50311355009602,127.02177416189286,13.87,1091.2534,1.0,Danger
37.50311373332556,127.020756313105,12.56,486.6668,1.0,Danger
37.50311390778492,127.01973846430816,12.53,522.3288,1.0,Danger
37.50311407347412,127.01872061550276,12.46,1088.4162,1.0,Danger
37.50375220568883,127.03230272603057,54.46,4332.9641,0.0,Safe
37.50375247964048,127.03128486865882,59.15,3771.9859,0.0,Safe
37.50375274482175,127.0302670112735,60.73,3132.2079,0.0,Safe
37.50375300123264,127.02924915387506,53.87,4575.0194,0.0,Safe
37.50375324887316,127.02823129646394,42.75,5655.4512,0.0,Safe
37.50375348774328,127.0272134390406,34.96,6134.8665,0.0,Safe
37.50375371784304,127.02619558160544,26.75,6178.2715,0.0,Safe
37.503753939172405,127.02517772415897,20.26,3493.6374,0.5,Caution
37.5037541517314,127.02415986670157,19.88,1774.905,1.0,Danger
37.50375435552001,127.02314200923368,18.7,1877.887,1.0,Danger
37.50375455053823,127.02212415175576,15.58,1614.0268,1.0,Danger
37.50375473678609,127.02110629426826,12.98,839.1106,1.0,Danger
37.50375491426356,127.02008843677162,12.04,749.8737,1.0,Danger
37.503755082970656,127.01907057926626,12.26,1231.8539,1.0,Danger
37.50375524290735,127.01805272175264,13.28,1625.6972,1.0,Danger
37.50375539407368,127.0170348642312,15.38,1197.0561,1.0,Danger
37.503755536469626,127.01601700670238,16.22,818.5757,1.0,Danger
37.50392033052932,127.03806015255071,55.19,2102.1683,0.0,Safe
37.50392065409111,127.03704229295826,58.83,3470.9085,0.0,Safe
37.50392096888249,127.03602443334972,59.49,4314.3861,0.0,Safe
37.50392127490342,127.03500657372558,55.21,3752.3617,0.0,Safe
37.50392157215392,127.03398871408628,51.9,3114.7836,0.0,Safe
37.503921860634,127.03297085443222,52.44,3731.7173,0.0,Safe
37.50392214034364,127.03195299476388,57.16,3999.7551,0.0,Safe
37.50392241128286,127.03093513508172,61.69,3866.5744,0.0,Safe
37.50392267345164,127.02991727538613,59.69,3669.8076,0.0,Safe
37.50392292684998,127.02889941567756,50.71,5103.175,0.0,Safe
37.50392317147791,127.02788155595648,42.93,5140.6142,0.0,Safe
37.503923407335385,127.02686369622332,35.65,6042.7511,0.0,Safe
37.50392363442244,127.0258458364785,25.28,5226.0894,0.5,Caution
37.50392385273906,127.02482797672248,20.61,2376.1332,0.5,Caution
37.50392406228524,127.0238101169557,19.92,1807.8604,1.0,Danger
37.50392426306098,127.02279225717862,17.68,1866.0972,1.0,Danger
37.5039244550663,127.02177439739164,14.45,1326.2362,1.0,Danger
37.50392463830118,127.02075653759525,12.32,686.7677,1.0,Danger
37.50392481276563,127.01973867778985,12.1,907.192,1.0,Danger
37.50392497845964,127.01872081797588,12.84,1454.1504,1.0,Danger
37.50456338446033,127.0312852070286,62.83,5037.3708,0.0,Safe
37.50456364964932,127.03026733863436,61.91,5187.3292,0.0,Safe
37.50456390606768,127.02924947022704,55.16,5654.9719,0.0,Safe
37.5045641537154,127.028231601807,50.44,6128.5362,0.0,Safe
37.504564392592485,127.02721373337478,46.65,7900.3385,0.0,Safe
37.50456462269894,127.02619586493071,35.89,7253.8161,0.0,Safe
37.50456484403476,127.0251779964753,23.43,3938.2897,0.5,Caution
37.50456505659994,127.024160128009,20.15,1784.0579,1.0,Danger
37.5045652603945,127.0231422595322,18.54,1682.7903,1.0,Danger
37.5045654554184,127.02212439104542,15.37,1476.3846,1.0,Danger
37.50456564167168,127.021106522549,12.62,1019.8804,1.0,Danger
37.50456581915432,127.02008865404343,11.91,1385.3704,1.0,Danger
37.50456598786632,127.0190707855292,13.78,2137.9026,0.5,Caution
37.50456614780767,127.01805291700666,16.5,2110.4024,0.5,Caution
37.50456629897841,127.01703504847632,16.75,1404.2745,1.0,Danger
37.504566441378486,127.01601717993856,16.0,1131.2472,1.0,Danger
37.50473123526789,127.03806056420288,50.17,2235.3085,0.0,Safe
37.504731558839104,127.03704269360142,55.16,2903.7984,0.0,Safe
37.50473187363965,127.03602482298388,54.41,3134.1755,0.0,Safe
37.50473217966949,127.03500695235076,49.69,2719.1736,0.0,Safe
37.50473247692865,127.03398908170246,48.65,2523.4402,0.0,Safe
37.50473276541713,127.03297121103942,51.95,2840.2956,0.0,Safe
37.50473304513492,127.0319533403621,58.49,3634.9847,0.0,Safe
37.50473331608202,127.0309354696709,62.33,4825.0772,0.0,Safe
37.50473357825843,127.02991759896632,58.4,5162.7106,0.0,Safe
37.50473383166416,127.02889972824876,51.62,5730.319,0.0,Safe
37.50473407629921,127.0278818575187,48.25,6534.2224,0.0,Safe
37.50473431216356,127.02686398677652,42.76,7843.0314,0.0,Safe
37.50473453925723,127.02584611602272,29.88,6119.5255,0.0,Safe
37.5047347575802,127.02482824525772,21.65,2762.2772,0.5,Caution
37.504734967132485,127.02381037448193,19.45,1606.0903,1.0,Danger
37.50473516791407,127.02279250369584,17.12,1636.8251,1.0,Danger
37.504735359924986,127.02177463289988,14.11,1201.913,1.0,Danger
37.5047355431652,127.02075676209446,12.26,996.8733,1.0,Danger
37.50473571763472,127.01973889128008,12.49,1592.1371,1.0,Danger
37.50473588333356,127.0187210204571,15.8,2471.6745,0.5,Caution
37.5047360402617,127.01770314962604,17.21,1900.0172,1.0,Danger
37.505374289168586,127.03128554541192,56.96,4171.9499,0.0,Safe
37.5053745543653,127.03026766600838,55.76,6104.4163,0.0,Safe
37.50537481079112,127.0292497865917,48.91,7059.5062,0.0,Safe
37.50537505844606,127.02823190716232,43.05,6508.2975,0.0,Safe
37.5053752973301,127.02721402772072,40.09,6959.7893,0.0,Safe
37.50537552744326,127.02619614826736,32.04,6649.633,0.0,Safe
37.50537574878552,127.0251782688026,22.43,3930.5486,0.5,Caution
37.5053759613569,127.02416038932694,18.51,1923.1355,1.0,Danger
37.50537616515737,127.0231425098408,16.83,1461.636,1.0,Danger
37.505376360186965,127.02212463034463,14.52,1152.2943,1.0,Danger
37.50537654644566,127.0211067508389,13.03,1095.6326,1.0,Danger
37.505376723933466,127.020088871324,13.24,1944.4937,0.5,Caution
37.505376892650375,127.01907099180038,16.56,3253.2733,0.5,Caution
37.5053770525964,127.01805311226852,20.19,2852.3704,0.5,Caution
37.50537720377152,127.01703523272882,17.76,1637.9804,1.0,Danger
37.50537734617576,127.01601735318174,17.05,1249.5336,1.0,Danger
37.505542139894864,127.0380609758715,47.94,2158.1222,0.0,Safe
37.5055424634755,127.03704309426062,50.93,2649.5277,0.0,Safe
37.5055427782852,127.03602521263366,49.35,2621.0931,0.0,Safe
37.50554308432397,127.0350073309911,45.75,2802.695,0.0,Safe
37.50554338159178,127.03398944933336,45.49,3090.2346,0.0,Safe
37.50554367008866,127.0329715676609,50.32,3161.0309,0.0,Safe
37.505543949814594,127.03195368597412,54.49,3599.5775,0.0,Safe
37.50554422076959,127.03093580427353,56.01,4838.6074,0.0,Safe
37.50554448295364,127.02991792255948,51.87,6782.8173,0.0,Safe
37.50554473636675,127.02890004083253,44.4,7201.2697,0.0,Safe
37.50554498100891,127.02788215909298,41.38,6638.952,0.0,Safe
37.50554521688013,127.0268642773414,36.53,7034.2951,0.0,Safe
37.50554544398041,127.02584639557816,26.91,5667.4082,0.0,Safe
37.50554566230974,127.0248285138037,20.19,2802.5442,0.5,Caution
37.50554587186813,127.0238106320185,17.83,1599.6981,1.0,Danger
37.50554607265557,127.02279275022296,15.88,1330.9242,1.0,Danger
37.50554626467207,127.02177486841754,13.8,1059.4967,1.0,Danger
37.50554644791762,127.02075698660268,13.07,1273.1049,1.0,Danger
37.505546622392224,127.01973910477884,14.23,2732.2387,0.5,Caution
37.50554678809589,127.01872122294644,20.23,3443.0478,0.5,Caution
37.5055469450286,127.01770334110591,19.67,2436.6871,0.5,Caution
37.505547093190366,127.01668545925776,17.79,1605.6504,1.0,Danger
37.50618545896968,127.0302679933955,47.09,7221.3573,0.0,Safe
37.50618571540296,127.02925010296904,39.03,8389.1711,0.0,Safe
37.50618596306512,127.02823221252989,34.35,7666.3089,0.0,Safe
37.50618620195612,127.0272143220785,32.56,6918.9918,0.0,Safe
37.50618643207597,127.02619643161532,25.38,5917.2656,0.5,Caution
37.506186653424685,127.02517854114078,19.46,3707.8604,0.5,Caution
37.50618686600224,127.02416065065532,17.11,2010.1509,0.5,Caution
37.506187069808654,127.0231427601594,15.96,1253.7045,1.0,Danger
37.50618726484394,127.02212486965344,14.42,985.5414,1.0,Danger
37.50618745110805,127.02110697913794,13.54,1451.722,1.0,Danger
37.50618762860103,127.02008908861325,15.19,2694.3438,0.5,Caution
37.50618779732284,127.01907119807984,21.0,3626.8799,0.5,Caution
37.506187957273525,127.01805330753818,24.61,4118.4811,0.5,Caution
37.50618810845306,127.0170354169887,18.86,1819.592,1.0,Danger
37.50618825086144,127.0160175264318,17.99,1317.0464,1.0,Danger
37.50635304441023,127.03806138755664,47.44,1854.8999,0.0,Safe
37.50635336800028,127.03704349493589,47.25,2204.3468,0.0,Safe
37.506353682819146,127.03602560229906,45.29,2604.5624,0.0,Safe
37.50635398886683,127.03500770964662,42.71,2962.7973,0.0,Safe
37.5063542861433,127.03398981697902,42.41,3177.0922,0.0,Safe
37.506354574648576,127.03297192429665,47.32,3099.2928,0.0,Safe
37.50635485438266,127.0319540316,50.35,3791.1797,0.0,Safe
37.506355125345536,127.03093613888952,48.85,5297.9329,0.0,Safe
37.506355387537226,127.02991824616564,41.38,7967.4799,0.0,Safe
37.50635564095771,127.02890035342875,33.0,8454.5872,0.0,Safe
37.506355885607,127.02788246067936,31.03,7317.6681,0.0,Safe
37.50635612148509,127.02686456791788,27.67,6578.8372,0.0,Safe
37.50635634859197,127.02584667514476,21.71,4879.0074,0.5,Caution
37.506356566927664,127.02482878236044,17.79,2810.1315,0.5,Caution
37.50635677649216,127.02381088956535,16.32,1573.3917,1.0,Danger
37.50635697728544,127.02279299675996,15.3,1029.1382,1.0,Danger
37.50635716930754,127.02177510394466,13.98,1055.4409,1.0,Danger
37.50635735255842,127.0207572111199,13.96,1911.845,1.0,Danger
37.506357527038105,127.0197393182862,17.31,3261.5554,0.5,Caution
37.5063576927466,127.01872142544391,25.09,4600.5893,0.5,Caution
37.50635784968388,127.01770353259352,21.99,2802.8786,0.5,Caution
37.50635799784996,127.01668563973544,18.8,1583.6088,1.0,Danger
37.50699661990321,127.02925041935904,25.61,9715.456,0.0,Safe
37.50699686757257,127.02823251790966,20.77,8647.992,0.5,Caution
37.50699710647053,127.02721461644803,20.36,6494.9413,0.5,Caution
37.506997336597074,127.02619671497466,19.01,4791.6325,0.5,Caution
37.50699755795223,127.02517881348987,16.42,3290.1736,0.5,Caution
37.506997770535975,127.0241609119942,15.09,1925.9628,1.0,Danger
37.50699797434833,127.02314301048808,14.88,985.7749,1.0,Danger
37.50699816938928,127.02212510897188,14.71,788.095,1.0,Danger
37.50699835565882,127.02110720744612,14.81,1506.8373,1.0,Danger
37.506998533156974,127.0200893059112,18.38,3094.5929,0.5,Caution
37.50699870188371,127.01907140436757,25.17,4290.6284,0.5,Caution
37.50699886183904,127.01805350281568,26.18,4178.5582,0.0,Safe
37.50699901302298,127.01703560125594,19.38,1588.6045,1.0,Danger
37.5069991554355,127.01601769968885,19.01,1109.7138,1.0,Danger
37.50716394881399,127.03806179925829,47.09,1587.0667,0.0,Safe
37.50716427241347,127.0370438956272,45.88,1903.9893,0.0,Safe
37.50716458724151,127.03602599198008,43.21,2432.7017,0.0,Safe
37.50716489329808,127.0350080883173,40.49,3215.4708,0.0,Safe
37.507165190583216,127.03399018463938,39.58,3732.8421,0.0,Safe
37.5071654790969,127.03297228094672,42.79,3095.6932,0.0,Safe
37.50716575883912,127.03195437723976,44.39,3853.0684,0.0,Safe
37.507166029809895,127.03093647351896,40.78,5651.2866,0.0,Safe
37.50716629200921,127.02991856978474,30.84,8223.3306,0.0,Safe
37.50716654543709,127.02890066603756,23.21,9295.2819,0.5,Caution
37.5071667900935,127.02788276227786,20.71,7361.0095,0.5,Caution
37.50716702597845,127.02686485850604,19.71,5306.2538,0.5,Caution
37.50716725309195,127.0258469547226,17.44,4077.262,0.5,Caution
37.507167471434,127.02482905092796,15.57,2689.3508,0.5,Caution
37.50716768100459,127.02381114712252,14.88,1472.1364,1.0,Danger
37.50716788180373,127.0227932433068,14.99,775.4645,1.0,Danger
37.50716807383141,127.0217753394812,14.57,749.9762,1.0,Danger
37.50716825708763,127.02075743564612,16.39,1955.7036,0.5,Caution
37.50716843157239,127.0197395318021,21.91,3602.7799,0.5,Caution
37.50716859728571,127.01872162794947,27.79,5209.8629,0.0,Safe
37.50716875422757,127.01770372408876,22.63,2539.8921,0.5,Caution
37.50716890239797,127.01668582022036,19.42,1309.648,1.0,Danger
37.50716904179691,127.01566791634473,19.29,969.7099,1.0,Danger
