,YYMMDDHHMI,STN,RN_HR1,RN_15M_MAX,RN_DAY
0,202208082100,10,0.0,0.0,1.0
1,202208082100,12,0.0,0.0,8.5
2,202208082100,15,3.0,1.0,10.0
3,202208082100,18,0.0,0.0,0.0
4,202208082100,30,-99.0,-99.0,-99.0
5,202208082100,31,-99.0,-99.0,-99.0
6,202208082100,32,-99.0,-99.0,-99.0
7,202208082100,62,0.0,0.0,0.0
8,202208082100,63,0.0,0.0,0.0
9,202208082100,87,0.0,0.0,0.0
10,202208082100,88,0.0,0.0,2.0
11,202208082100,90,4.3,1.5,19.1
12,202208082100,92,5.5,2.0,22.0
13,202208082100,93,1.0,0.7,91.8
14,202208082100,95,0.2,0.1,119.9
15,202208082100,96,0.0,0.0,0.0
16,202208082100,98,0.0,0.1,147.2
17,202208082100,99,-99.0,0.0,134.5
18,202208082100,100,3.5,1.4,18.4
19,202208082100,101,0.7,0.8,110.2
20,202208082100,102,0.0,0.0,16.6
21,202208082100,104,4.1,1.6,12.7
22,202208082100,105,2.7,1.0,9.5
23,202208082100,106,1.1,0.5,1.9
24,202208082100,108,1.9,0.8,92.4
25,202208082100,110,1.9,1.9,85.7
26,202208082100,112,11.8,24.0,189.6
27,202208082100,113,0.6,3.3,92.7
28,202208082100,114,3.0,1.2,29.1
29,202208082100,115,0.0,0.0,0.0
30,202208082100,116,45.0,22.0,125.0
31,202208082100,119,2.7,2.5,61.6
32,202208082100,121,1.7,0.8,16.7
33,202208082100,127,1.3,0.6,4.8
34,202208082100,128,0.0,0.0,1.8
35,202208082100,129,0.0,0.0,2.5
36,202208082100,130,0.0,0.0,0.0
37,202208082100,131,0.0,0.0,6.1
38,202208082100,133,0.0,0.0,0.0
39,202208082100,135,0.0,0.0,0.0
40,202208082100,136,0.0,0.0,0.0
41,202208082100,137,0.0,0.0,0.0
42,202208082100,138,0.0,0.0,0.0
43,202208082100,139,0.0,0.0,0.0
44,202208082100,140,0.0,0.0,0.0
45,202208082100,142,0.0,0.0,0.0
46,202208082100,143,0.0,0.0,0.0
47,202208082100,146,0.0,0.0,0.0
48,202208082100,151,0.0,0.0,0.0
49,202208082100,152,0.0,0.0,0.0
50,202208082100,153,0.0,0.0,0.0
51,202208082100,155,0.0,0.0,0.0
52,202208082100,156,0.0,0.0,0.0
53,202208082100,158,0.0,0.0,0.0
54,202208082100,159,0.0,0.0,0.0
55,202208082100,160,0.0,0.0,0.0
56,202208082100,161,0.0,0.0,0.0
57,202208082100,162,0.0,-99.0,0.0
58,202208082100,163,0.0,0.0,0.0
59,202208082100,165,0.0,0.0,0.0
60,202208082100,167,0.0,0.0,0.0
61,202208082100,168,0.0,0.0,0.0
62,202208082100,169,0.0,0.0,0.0
63,202208082100,170,-99.0,-99.0,-99.0
64,202208082100,172,0.0,0.0,0.0
65,202208082100,174,0.0,0.0,0.0
66,202208082100,175,0.0,0.0,0.0
67,202208082100,177,0.0,0.0,7.0
68,202208082100,181,0.0,0.0,7.4
69,202208082100,182,0.0,0.0,0.0
70,202208082100,184,0.0,0.0,0.0
71,202208082100,185,0.0,0.0,0.0
72,202208082100,188,0.0,0.0,0.0
73,202208082100,189,0.0,0.0,0.0
74,202208082100,192,0.0,0.0,0.0
75,202208082100,201,0.0,0.0,41.0
76,202208082100,202,3.3,2.1,86.1
77,202208082100,203,2.8,1.2,49.5
78,202208082100,211,5.8,5.8,68.4
79,202208082100,212,2.9,3.9,67.0
80,202208082100,216,0.4,0.3,1.8
81,202208082100,217,1.3,0.5,12.9
82,202208082100,221,3.4,1.6,25.2
83,202208082100,226,0.0,0.0,0.0
84,202208082100,229,0.0,0.0,2.0
85,202208082100,230,7.5,7.4,60.5
86,202208082100,232,0.0,0.1,9.1
87,202208082100,235,-99.0,-99.0,-99.0
88,202208082100,236,0.0,0.0,0.0
89,202208082100,238,0.0,0.0,0.0
90,202208082100,239,0.0,0.0,7.3
91,202208082100,243,0.0,0.0,0.0
92,202208082100,244,0.0,0.0,0.0
93,202208082100,245,0.0,0.0,0.0
94,202208082100,247,0.0,0.0,0.0
95,202208082100,248,0.0,0.0,0.0
96,202208082100,251,0.0,0.0,0.0
97,202208082100,252,0.0,0.0,0.0
98,202208082100,253,0.0,0.0,0.0
99,202208082100,254,0.0,0.0,0.0
100,202208082100,255,0.0,0.0,0.0
101,202208082100,257,0.0,0.0,0.0
102,202208082100,258,0.0,0.0,0.0
103,202208082100,259,0.0,0.0,0.0
104,202208082100,260,0.0,0.0,0.0
105,202208082100,261,0.0,0.0,0.0
106,202208082100,262,0.0,0.0,0.0
107,202208082100,263,0.0,0.0,0.0
108,202208082100,264,0.0,0.0,0.0
109,202208082100,266,0.0,0.0,0.2
110,202208082100,268,0.0,0.0,0.0
111,202208082100,271,0.1,0.1,0.4
112,202208082100,272,0.2,0.2,0.3
113,202208082100,273,0.1,0.1,0.1
114,202208082100,276,0.0,0.0,0.0
115,202208082100,277,0.0,0.0,0.0
116,202208082100,278,0.0,0.0,0.0
117,202208082100,279,0.0,0.0,0.0
118,202208082100,281,0.0,0.0,0.0
119,202208082100,283,0.0,0.0,0.0
120,202208082100,284,0.0,0.0,0.0
121,202208082100,285,0.0,0.0,0.0
122,202208082100,288,0.0,0.0,0.0
123,202208082100,289,0.0,0.0,0.0
124,202208082100,294,0.0,0.0,0.0
125,202208082100,295,0.0,0.0,0.0
126,202208082100,296,0.0,0.0,0.0
127,202208082100,300,0.0,0.0,0.0
128,202208082100,301,0.0,0.0,0.0
129,202208082100,302,0.0,0.0,0.0
130,202208082100,303,0.0,0.0,0.0
131,202208082100,304,0.0,0.0,0.0
132,202208082100,305,0.0,0.0,0.0
133,202208082100,306,0.0,0.0,0.0
134,202208082100,308,0.0,0.0,0.0
135,202208082100,309,0.0,0.0,148.0
136,202208082100,310,0.0,0.0,0.5
137,202208082100,311,0.0,0.0,0.0
138,202208082100,312,0.0,0.0,0.0
139,202208082100,313,0.0,0.0,0.0
140,202208082100,314,0.0,0.0,0.0
141,202208082100,315,0.0,0.0,0.0
142,202208082100,316,-99.0,-99.0,-99.0
143,202208082100,317,0.0,0.0,0.0
144,202208082100,318,3.5,1.5,20.5
145,202208082100,319,0.0,0.0,0.0
146,202208082100,320,6.5,10.0,56.0
147,202208082100,321,-99.0,-99.0,-99.0
148,202208082100,322,5.5,2.5,74.0
149,202208082100,323,0.5,0.5,83.5
150,202208082100,324,1.0,0.5,2.5
151,202208082100,325,3.0,1.5,28.0
152,202208082100,326,4.5,2.5,81.0
153,202208082100,327,0.0,0.0,2.5
154,202208082100,328,0.0,0.0,0.0
155,202208082100,329,0.0,0.0,0.0
156,202208082100,330,0.0,0.0,0.0
157,202208082100,349,5.5,5.5,53.0
158,202208082100,350,8.5,4.5,42.0
159,202208082100,351,-99.0,-99.0,-99.0
160,202208082100,352,0.0,0.0,154.5
161,202208082100,353,0.0,0.0,151.5
162,202208082100,355,0.0,0.0,19.5
163,202208082100,356,0.0,0.0,8.0
164,202208082100,358,0.0,0.0,3.5
165,202208082100,359,0.0,0.0,156.0
166,202208082100,360,0.0,0.0,172.0
167,202208082100,361,0.0,1.0,106.0
168,202208082100,364,6.5,5.5,89.5
169,202208082100,365,-99.0,-99.0,-99.0
170,202208082100,366,-99.0,-99.0,-99.0
171,202208082100,367,5.0,5.0,61.0
172,202208082100,368,7.5,6.0,94.5
173,202208082100,369,2.0,1.0,58.5
174,202208082100,370,1.5,1.0,43.0
175,202208082100,371,-99.0,-99.0,-99.0
176,202208082100,372,0.0,0.0,144.5
177,202208082100,373,0.0,0.0,159.5
178,202208082100,374,0.0,0.0,7.5
179,202208082100,375,0.0,0.0,159.5
180,202208082100,376,-99.0,-99.0,-99.0
181,202208082100,377,2.5,2.0,61.5
182,202208082100,379,0.0,0.0,0.0
183,202208082100,400,75.5,33.0,155.0
184,202208082100,401,92.0,27.0,184.5
185,202208082100,402,42.0,23.0,120.0
186,202208082100,403,85.5,33.5,181.5
187,202208082100,404,3.5,3.5,86.5
188,202208082100,405,49.5,26.5,171.0
189,202208082100,406,0.0,0.0,111.0
190,202208082100,407,1.0,0.5,97.5
191,202208082100,408,6.5,6.0,102.5
192,202208082100,409,11.0,10.0,106.0
193,202208082100,410,136.5,42.5,288.0
194,202208082100,411,16.5,11.0,113.0
195,202208082100,412,1.5,1.0,81.5
196,202208082100,413,48.5,20.0,139.0
197,202208082100,414,1.0,0.5,97.0
198,202208082100,415,75.5,31.0,186.5
199,202208082100,416,0.0,0.0,87.0
200,202208082100,417,91.5,33.0,206.5
201,202208082100,418,81.5,38.5,217.5
202,202208082100,419,27.0,19.0,118.5
203,202208082100,421,33.5,17.0,131.0
204,202208082100,423,89.0,34.0,242.0
205,202208082100,424,0.0,0.0,103.0
206,202208082100,425,-99.0,24.0,-99.0
207,202208082100,426,0.0,0.0,30.0
208,202208082100,427,0.0,0.0,82.0
209,202208082100,428,46.5,23.0,122.0
210,202208082100,429,-99.0,-99.0,-99.0
211,202208082100,430,4.5,4.5,59.0
212,202208082100,431,0.0,0.0,148.0
213,202208082100,432,0.5,0.5,38.0
214,202208082100,433,44.5,26.5,224.5
215,202208082100,434,7.0,5.5,65.5
216,202208082100,435,1.5,1.0,50.5
217,202208082100,436,3.0,2.0,54.5
218,202208082100,437,109.5,35.5,241.5
219,202208082100,438,3.5,1.5,67.0
220,202208082100,439,2.0,1.5,49.0
221,202208082100,440,2.0,1.5,44.5
222,202208082100,441,3.5,3.5,73.0
223,202208082100,442,3.5,1.5,99.5
224,202208082100,443,0.0,0.0,10.0
225,202208082100,444,53.5,19.5,120.0
226,202208082100,445,-99.0,-99.0,-99.0
227,202208082100,446,0.5,0.5,26.5
228,202208082100,447,2.5,1.5,45.5
229,202208082100,448,3.0,2.0,81.5
230,202208082100,449,8.5,5.5,106.0
231,202208082100,450,0.0,0.0,75.0
232,202208082100,451,-99.0,-99.0,-99.0
233,202208082100,452,0.0,0.0,111.5
234,202208082100,453,34.0,19.0,123.0
235,202208082100,454,0.0,0.0,82.5
236,202208082100,455,0.0,0.0,141.0
237,202208082100,456,0.0,0.0,143.5
238,202208082100,457,62.5,22.5,136.5
239,202208082100,458,16.0,6.5,117.5
240,202208082100,459,4.0,4.0,81.5
241,202208082100,460,-99.0,-99.0,-99.0
242,202208082100,461,3.5,3.5,47.0
243,202208082100,462,1.5,1.0,22.5
244,202208082100,463,1.0,1.5,37.0
245,202208082100,464,2.0,1.0,31.0
246,202208082100,465,1.5,1.0,25.5
247,202208082100,466,2.0,1.5,63.0
248,202208082100,467,0.0,0.0,13.5
249,202208082100,468,0.0,0.0,3.0
250,202208082100,469,1.0,0.5,16.5
251,202208082100,470,-99.0,-99.0,-99.0
252,202208082100,471,0.0,0.0,10.5
253,202208082100,472,0.0,0.0,3.5
254,202208082100,473,0.0,0.0,163.5
255,202208082100,474,6.5,9.0,136.5
256,202208082100,475,0.5,0.5,160.0
257,202208082100,476,0.0,0.0,109.5
258,202208082100,477,0.0,0.0,132.5
259,202208082100,478,0.0,0.0,98.5
260,202208082100,479,0.0,0.0,101.0
261,202208082100,480,0.0,0.0,96.5
262,202208082100,481,0.0,0.0,141.0
263,202208082100,482,0.0,0.0,152.0
264,202208082100,483,0.0,0.0,121.5
265,202208082100,484,-99.0,-99.0,-99.0
266,202208082100,485,1.0,1.0,65.5
267,202208082100,486,0.5,0.5,120.5
268,202208082100,487,0.0,0.0,54.5
269,202208082100,488,1.0,1.0,40.0
270,202208082100,489,0.0,0.0,40.0
271,202208082100,490,0.0,0.0,83.0
272,202208082100,491,0.0,0.0,130.5
273,202208082100,492,1.5,2.0,67.0
274,202208082100,493,0.0,0.0,5.5
275,202208082100,494,0.0,0.0,15.5
276,202208082100,495,0.0,0.0,6.5
277,202208082100,496,0.0,0.0,7.0
278,202208082100,497,2.0,1.0,13.5
279,202208082100,498,8.5,3.5,48.0
280,202208082100,499,0.0,0.0,183.0
281,202208082100,500,0.0,0.0,32.0
282,202208082100,501,0.0,0.0,27.0
283,202208082100,502,0.0,0.0,49.5
284,202208082100,503,0.0,0.0,129.0
285,202208082100,504,-99.0,-99.0,-99.0
286,202208082100,505,0.0,0.0,193.5
287,202208082100,506,0.0,0.0,131.0
288,202208082100,507,-99.0,-99.0,-99.0
289,202208082100,508,0.5,0.5,65.0
290,202208082100,509,63.0,24.5,147.0
291,202208082100,510,61.0,32.5,185.5
292,202208082100,511,0.0,0.0,86.0
293,202208082100,512,34.5,26.0,99.5
294,202208082100,513,1.0,0.5,45.5
295,202208082100,514,0.5,1.0,49.5
296,202208082100,515,0.0,0.5,26.5
297,202208082100,516,0.0,0.5,6.5
298,202208082100,517,4.0,3.0,16.0
299,202208082100,518,1.0,10.0,106.0
300,202208082100,519,6.0,5.0,143.0
301,202208082100,520,5.0,2.0,19.5
302,202208082100,521,4.5,2.0,17.5
303,202208082100,522,5.5,7.5,79.5
304,202208082100,523,4.5,1.5,21.5
305,202208082100,524,2.5,1.5,16.0
306,202208082100,525,4.5,1.5,26.5
307,202208082100,526,2.5,1.0,16.5
308,202208082100,527,1.0,0.5,7.5
309,202208082100,529,0.0,0.0,0.0
310,202208082100,530,0.0,0.0,0.0
311,202208082100,531,0.0,0.0,141.5
312,202208082100,532,0.0,0.0,144.0
313,202208082100,533,1.5,1.5,42.5
314,202208082100,534,1.0,1.0,22.5
315,202208082100,535,7.0,3.5,51.5
316,202208082100,536,5.5,2.0,29.0
317,202208082100,537,2.0,1.0,9.5
318,202208082100,538,0.0,0.0,182.5
319,202208082100,539,2.0,2.0,133.0
320,202208082100,540,0.0,0.0,87.5
321,202208082100,541,1.0,1.0,104.5
322,202208082100,542,0.0,0.0,79.0
323,202208082100,543,5.0,5.5,107.5
324,202208082100,544,-99.0,-99.0,-99.0
325,202208082100,545,5.5,4.5,50.0
326,202208082100,546,9.0,5.5,105.0
327,202208082100,547,5.5,2.5,42.5
328,202208082100,548,3.0,1.5,38.5
329,202208082100,549,7.0,5.5,58.0
330,202208082100,550,1.5,1.0,39.5
331,202208082100,551,0.0,0.0,5.5
332,202208082100,552,0.5,0.5,116.0
333,202208082100,553,1.5,1.5,19.5
334,202208082100,554,4.0,2.0,28.0
335,202208082100,555,1.5,2.0,126.0
336,202208082100,556,3.0,2.0,87.0
337,202208082100,557,9.0,4.5,48.0
338,202208082100,558,0.5,1.5,68.0
339,202208082100,559,10.5,4.0,51.5
340,202208082100,560,6.0,2.0,30.5
341,202208082100,561,7.0,2.5,38.0
342,202208082100,563,1.5,1.0,10.5
343,202208082100,565,7.5,7.5,54.5
344,202208082100,566,4.0,1.5,18.5
345,202208082100,567,0.0,0.0,103.5
346,202208082100,568,0.0,0.0,124.5
347,202208082100,569,18.0,12.0,99.5
348,202208082100,570,0.0,0.0,75.0
349,202208082100,571,0.0,1.0,50.5
350,202208082100,572,18.0,15.0,120.0
351,202208082100,573,1.5,2.5,57.5
352,202208082100,574,1.5,1.5,47.5
353,202208082100,575,-99.0,-99.0,-99.0
354,202208082100,576,0.5,0.5,27.5
355,202208082100,577,0.0,0.0,61.0
356,202208082100,578,0.0,0.0,8.5
357,202208082100,579,1.0,0.5,6.0
358,202208082100,580,1.0,0.5,4.0
359,202208082100,581,0.6,0.3,3.2
360,202208082100,582,3.0,1.0,22.0
361,202208082100,583,1.0,0.5,10.0
362,202208082100,585,4.5,5.5,76.5
363,202208082100,586,1.0,1.0,92.5
364,202208082100,587,2.5,1.5,93.5
365,202208082100,588,0.5,1.0,97.0
366,202208082100,589,0.0,0.0,137.5
367,202208082100,590,-99.0,4.5,-99.0
368,202208082100,591,4.5,1.5,32.5
369,202208082100,592,2.5,1.0,35.0
370,202208082100,593,6.0,2.5,26.5
371,202208082100,594,7.0,8.5,61.5
372,202208082100,595,7.9,4.0,43.2
373,202208082100,596,10.5,5.5,40.5
374,202208082100,597,4.0,1.5,22.5
375,202208082100,598,0.0,0.0,160.5
376,202208082100,599,0.0,0.0,145.5
377,202208082100,600,1.0,0.5,5.0
378,202208082100,601,0.5,0.5,3.5
379,202208082100,602,0.0,0.0,5.5
380,202208082100,603,0.5,0.5,2.0
381,202208082100,604,0.0,0.0,0.0
382,202208082100,605,0.0,0.0,0.0
383,202208082100,606,0.0,0.0,4.5
384,202208082100,607,0.0,0.0,5.0
385,202208082100,608,0.0,0.0,13.5
386,202208082100,609,0.0,0.0,2.0
387,202208082100,610,0.0,0.0,2.5
388,202208082100,611,0.0,0.0,8.0
389,202208082100,612,0.0,0.0,11.0
390,202208082100,614,0.0,0.0,0.0
391,202208082100,615,0.0,0.0,0.0
392,202208082100,616,0.5,0.5,5.0
393,202208082100,617,0.0,0.0,4.5
394,202208082100,618,0.0,0.0,4.0
395,202208082100,619,1.0,0.5,4.5
396,202208082100,620,6.5,4.5,17.5
397,202208082100,621,1.5,0.5,3.0
398,202208082100,622,0.5,0.5,2.0
399,202208082100,623,0.5,0.5,4.5
400,202208082100,624,0.0,0.0,5.0
401,202208082100,625,0.0,0.0,0.0
402,202208082100,626,0.0,0.0,0.0
403,202208082100,627,0.0,0.0,3.5
404,202208082100,628,0.0,0.0,11.5
405,202208082100,629,0.0,0.0,5.5
406,202208082100,630,6.0,6.0,14.5
407,202208082100,631,5.5,5.0,46.0
408,202208082100,632,0.0,0.0,19.0
409,202208082100,633,0.0,0.0,23.0
410,202208082100,634,0.0,0.0,9.5
411,202208082100,635,0.0,0.0,0.0
412,202208082100,636,0.0,0.0,0.0
413,202208082100,637,0.0,0.0,9.0
414,202208082100,638,2.0,1.5,21.5
415,202208082100,639,1.0,0.5,2.0
416,202208082100,640,0.0,0.0,1.5
417,202208082100,641,0.0,0.0,1.0
418,202208082100,642,0.0,0.0,0.0
419,202208082100,643,0.0,0.0,0.0
420,202208082100,644,0.0,0.0,0.0
421,202208082100,645,0.0,0.5,11.5
422,202208082100,646,0.0,0.0,0.0
423,202208082100,647,0.0,0.0,0.0
424,202208082100,648,0.0,0.0,0.5
425,202208082100,649,47.0,26.0,192.5
426,202208082100,650,0.0,0.0,150.5
427,202208082100,651,-99.0,-99.0,-99.0
428,202208082100,652,-99.0,-99.0,-99.0
429,202208082100,654,1.0,1.0,42.0
430,202208082100,655,0.0,0.0,7.0
431,202208082100,656,0.0,0.0,27.0
432,202208082100,657,0.0,0.0,0.5
433,202208082100,658,0.0,0.0,6.0
434,202208082100,659,0.0,0.0,0.5
435,202208082100,660,4.0,2.0,23.0
436,202208082100,661,1.0,1.0,17.5
437,202208082100,662,7.5,7.5,81.5
438,202208082100,663,0.0,0.0,2.5
439,202208082100,664,0.0,0.0,70.0
440,202208082100,665,19.0,8.5,97.5
441,202208082100,666,0.0,0.0,1.5
442,202208082100,667,0.0,0.0,2.0
443,202208082100,669,0.0,0.0,0.0
444,202208082100,670,5.5,2.5,16.5
445,202208082100,671,4.0,1.5,20.0
446,202208082100,672,0.0,0.0,0.0
447,202208082100,673,0.0,0.0,0.0
448,202208082100,674,1.0,0.5,4.0
449,202208082100,675,0.5,0.5,123.0
450,202208082100,676,0.5,0.5,4.5
451,202208082100,677,0.5,0.5,3.5
452,202208082100,678,4.0,1.5,19.0
453,202208082100,679,2.5,1.5,11.5
454,202208082100,680,2.5,2.0,75.5
455,202208082100,681,4.5,2.5,64.0
456,202208082100,682,4.0,3.5,66.5
457,202208082100,687,0.0,0.0,0.0
458,202208082100,688,0.0,0.0,0.0
459,202208082100,689,0.0,0.0,0.0
460,202208082100,690,0.0,0.0,0.0
461,202208082100,691,0.0,0.0,0.5
462,202208082100,692,0.5,0.5,88.0
463,202208082100,693,0.5,0.5,4.0
464,202208082100,694,0.5,0.5,6.0
465,202208082100,695,7.1,5.4,122.7
466,202208082100,696,0.5,0.5,1.0
467,202208082100,697,0.0,0.0,0.0
468,202208082100,698,0.0,0.0,0.0
469,202208082100,699,0.0,0.0,0.0
470,202208082100,700,0.0,0.0,0.0
471,202208082100,701,0.0,0.0,0.0
472,202208082100,702,-99.0,-99.0,-99.0
473,202208082100,703,0.0,0.0,0.0
474,202208082100,704,0.0,0.0,0.0
475,202208082100,706,0.0,0.0,0.0
476,202208082100,707,0.0,0.0,0.0
477,202208082100,708,0.0,0.0,0.0
478,202208082100,709,0.0,0.0,0.0
479,202208082100,710,0.0,0.0,0.0
480,202208082100,711,0.0,0.0,0.0
481,202208082100,712,0.0,0.0,0.0
482,202208082100,713,0.0,0.0,0.0
483,202208082100,714,0.0,0.0,0.0
484,202208082100,716,0.0,0.0,0.0
485,202208082100,717,0.0,0.0,0.0
486,202208082100,718,0.0,0.0,0.0
487,202208082100,719,0.0,0.0,0.0
488,202208082100,720,0.0,0.0,0.0
489,202208082100,721,0.0,0.0,0.0
490,202208082100,722,0.0,-99.0,0.0
491,202208082100,723,0.0,0.0,0.0
492,202208082100,724,0.0,0.0,0.0
493,202208082100,725,0.0,0.0,0.0
494,202208082100,726,0.0,0.0,0.0
495,202208082100,727,0.0,0.0,0.0
496,202208082100,730,0.0,0.0,0.0
497,202208082100,731,0.0,0.0,0.0
498,202208082100,732,0.0,0.0,0.0
499,202208082100,733,0.0,-99.0,0.0
500,202208082100,734,0.0,0.0,0.0
501,202208082100,735,0.0,0.0,0.0
502,202208082100,736,0.0,0.0,0.0
503,202208082100,737,0.0,0.0,0.0
504,202208082100,738,0.0,0.0,0.0
505,202208082100,739,0.0,0.0,0.0
506,202208082100,741,0.0,0.0,0.0
507,202208082100,742,0.0,0.0,0.0
508,202208082100,743,0.0,0.0,0.0
509,202208082100,744,0.0,0.0,0.0
510,202208082100,745,0.0,0.0,0.0
511,202208082100,746,0.0,0.0,0.0
512,202208082100,747,0.0,0.0,0.0
513,202208082100,748,0.0,0.0,0.0
514,202208082100,749,0.0,0.0,0.0
515,202208082100,750,0.0,0.0,0.0
516,202208082100,751,0.0,0.0,0.0
517,202208082100,752,0.0,0.0,0.0
518,202208082100,753,0.0,0.0,0.0
519,202208082100,754,0.0,0.0,0.0
520,202208082100,755,0.0,0.0,0.0
521,202208082100,756,0.0,0.0,0.0
522,202208082100,757,0.0,0.0,0.0
523,202208082100,758,0.0,0.0,0.0
524,202208082100,759,0.0,0.0,0.0
525,202208082100,760,0.0,0.0,0.0
526,202208082100,761,0.0,0.0,0.0
527,202208082100,762,0.0,0.0,0.0
528,202208082100,763,0.0,0.0,0.0
529,202208082100,764,0.0,0.0,0.0
530,202208082100,765,0.0,0.0,0.0
531,202208082100,766,0.0,0.0,0.0
532,202208082100,767,0.0,0.0,0.0
533,202208082100,768,0.0,0.0,0.0
534,202208082100,769,0.0,0.0,0.0
535,202208082100,770,0.0,0.0,0.0
536,202208082100,771,0.0,0.0,0.0
537,202208082100,772,-99.0,-99.0,-99.0
538,202208082100,773,0.0,-99.0,0.0
539,202208082100,774,0.0,0.0,0.0
540,202208082100,775,0.0,0.0,0.0
541,202208082100,776,0.0,0.0,0.0
542,202208082100,777,0.0,0.0,0.0
543,202208082100,778,0.0,0.0,0.0
544,202208082100,779,0.0,0.0,0.0
545,202208082100,780,0.0,0.0,0.5
546,202208082100,781,0.0,0.0,0.0
547,202208082100,782,0.0,0.0,0.0
548,202208082100,783,0.0,0.0,0.0
549,202208082100,784,0.0,0.0,0.0
550,202208082100,785,0.0,0.0,0.0
551,202208082100,786,0.0,0.0,0.0
552,202208082100,787,0.0,0.0,0.0
553,202208082100,788,0.0,0.0,0.0
554,202208082100,789,0.0,0.0,0.0
555,202208082100,790,0.0,0.0,0.0
556,202208082100,791,0.0,0.0,0.0
557,202208082100,792,0.0,0.0,0.0
558,202208082100,793,0.0,0.0,0.0
559,202208082100,794,0.0,0.0,0.0
560,202208082100,795,0.0,0.0,0.0
561,202208082100,796,0.0,0.0,0.0
562,202208082100,797,0.0,0.0,0.0
563,202208082100,798,0.0,0.0,0.0
564,202208082100,799,0.0,0.0,0.0
565,202208082100,800,0.0,0.0,0.0
566,202208082100,801,0.0,0.0,0.0
567,202208082100,802,0.0,0.0,0.0
568,202208082100,803,0.0,0.0,0.0
569,202208082100,804,0.0,0.0,0.0
570,202208082100,805,0.0,0.0,0.0
571,202208082100,806,0.0,0.0,0.0
572,202208082100,807,0.0,0.0,0.0
573,202208082100,808,0.0,0.0,0.0
574,202208082100,809,0.0,0.0,0.0
575,202208082100,810,0.0,0.0,0.0
576,202208082100,811,0.0,0.0,0.0
577,202208082100,812,0.0,0.0,0.0
578,202208082100,813,0.0,0.0,0.0
579,202208082100,814,0.0,0.0,1.5
580,202208082100,815,0.0,0.0,0.0
581,202208082100,816,0.0,0.0,0.0
582,202208082100,817,0.0,0.0,0.0
583,202208082100,818,0.5,0.5,0.5
584,202208082100,819,0.0,0.0,0.0
585,202208082100,820,0.0,0.0,0.0
586,202208082100,821,0.0,0.0,0.0
587,202208082100,822,0.0,0.0,0.0
588,202208082100,823,0.0,0.0,0.0
589,202208082100,824,0.0,0.0,0.0
590,202208082100,825,0.0,0.0,0.0
591,202208082100,826,0.0,0.0,0.0
592,202208082100,827,0.0,0.0,0.0
593,202208082100,828,0.0,0.0,0.0
594,202208082100,829,0.0,0.0,0.0
595,202208082100,830,0.0,0.0,0.0
596,202208082100,831,0.0,0.0,1.5
597,202208082100,832,0.0,0.0,0.0
598,202208082100,833,0.0,0.0,0.0
599,202208082100,834,0.0,0.0,0.0
600,202208082100,835,0.0,0.0,0.0
601,202208082100,836,0.0,0.0,0.0
602,202208082100,837,0.0,0.0,0.0
603,202208082100,838,1.0,0.5,1.5
604,202208082100,839,0.0,0.0,0.0
605,202208082100,840,0.0,0.0,0.0
606,202208082100,841,0.0,0.0,0.0
607,202208082100,842,0.0,0.0,0.0
608,202208082100,843,0.0,0.0,0.0
609,202208082100,844,0.0,0.0,0.0
610,202208082100,845,0.0,0.0,0.0
611,202208082100,846,0.0,0.0,0.0
612,202208082100,847,0.0,0.0,0.0
613,202208082100,848,0.0,0.0,0.0
614,202208082100,849,0.0,0.0,0.0
615,202208082100,850,0.0,0.0,0.0
616,202208082100,851,0.0,0.0,0.0
617,202208082100,852,0.0,0.0,0.0
618,202208082100,853,0.0,0.0,0.0
619,202208082100,854,0.0,0.0,0.0
620,202208082100,855,0.0,0.0,0.0
621,202208082100,856,0.0,0.0,0.0
622,202208082100,857,0.0,0.0,0.0
623,202208082100,858,0.0,0.0,0.0
624,202208082100,859,0.0,0.0,0.0
625,202208082100,860,0.0,0.0,0.0
626,202208082100,861,0.0,0.0,0.0
627,202208082100,862,0.0,0.0,0.0
628,202208082100,863,0.0,0.0,0.0
629,202208082100,864,0.0,0.0,0.0
630,202208082100,865,0.0,0.0,0.0
631,202208082100,866,0.0,0.0,0.0
632,202208082100,867,0.0,0.0,0.0
633,202208082100,868,0.0,0.0,0.5
634,202208082100,869,0.0,0.0,0.0
635,202208082100,870,0.0,0.0,0.0
636,202208082100,871,0.0,0.0,0.5
637,202208082100,872,0.0,0.0,0.0
638,202208082100,873,3.5,1.0,31.5
639,202208082100,874,0.0,0.0,158.0
640,202208082100,875,9.0,4.0,46.0
641,202208082100,876,0.5,0.5,4.5
642,202208082100,877,3.5,1.5,38.0
643,202208082100,878,0.5,0.5,0.5
644,202208082100,881,0.0,0.0,0.0
645,202208082100,882,0.0,0.0,0.0
646,202208082100,883,0.0,0.0,0.0
647,202208082100,884,0.0,0.0,0.0
648,202208082100,885,0.0,0.0,0.0
649,202208082100,886,0.0,0.0,0.0
650,202208082100,888,0.0,0.0,4.0
651,202208082100,889,97.0,28.0,234.5
652,202208082100,890,0.0,0.0,0.0
653,202208082100,892,0.0,0.0,0.0
654,202208082100,893,0.0,0.0,0.0
655,202208082100,896,-99.0,-99.0,-99.0
656,202208082100,897,-99.0,-99.0,-99.0
657,202208082100,898,0.0,0.0,0.0
658,202208082100,899,0.0,0.0,0.0
659,202208082100,900,0.0,0.0,0.0
660,202208082100,901,0.0,0.0,0.0
661,202208082100,902,0.0,0.0,0.0
662,202208082100,903,0.0,0.0,0.0
663,202208082100,904,0.0,0.0,0.0
664,202208082100,905,0.0,0.0,0.0
665,202208082100,906,0.0,0.0,0.0
666,202208082100,907,0.0,0.0,0.0
667,202208082100,908,0.0,0.0,0.0
668,202208082100,909,0.0,0.0,0.0
669,202208082100,910,0.0,0.0,0.0
670,202208082100,911,0.0,0.0,0.0
671,202208082100,912,0.0,0.0,0.0
672,202208082100,913,0.0,0.0,0.0
673,202208082100,914,0.0,0.0,0.0
674,202208082100,915,0.0,0.0,0.0
675,202208082100,916,0.0,0.0,0.0
676,202208082100,917,0.0,0.0,0.0
677,202208082100,918,0.0,0.0,0.0
678,202208082100,919,0.0,0.0,0.0
679,202208082100,920,0.0,0.0,0.0
680,202208082100,921,0.0,0.0,0.0
681,202208082100,922,0.0,0.0,0.0
682,202208082100,923,0.0,0.0,0.0
683,202208082100,924,0.0,0.0,0.0
684,202208082100,925,0.0,0.0,0.0
685,202208082100,926,0.0,0.0,0.0
686,202208082100,927,0.0,0.0,0.0
687,202208082100,929,0.0,0.0,0.0
688,202208082100,930,0.0,0.0,0.0
689,202208082100,931,0.0,0.0,0.0
690,202208082100,932,0.0,0.0,0.0
691,202208082100,933,0.0,0.0,0.0
692,202208082100,934,0.0,0.0,0.0
693,202208082100,935,0.0,0.0,0.0
694,202208082100,936,0.0,0.0,0.0
695,202208082100,937,0.0,0.0,0.0
696,202208082100,938,0.0,0.0,0.0
697,202208082100,939,0.0,0.0,0.0
698,202208082100,940,0.0,0.0,0.0
699,202208082100,941,0.0,0.0,0.0
700,202208082100,942,0.0,0.0,0.0
701,202208082100,943,0.0,0.0,0.0
702,202208082100,944,0.0,0.0,0.0
703,202208082100,945,0.0,0.0,0.0
704,202208082100,946,0.0,0.0,0.0
705,202208082100,947,0.0,0.0,0.0
706,202208082100,948,0.0,0.0,0.0
707,202208082100,949,0.0,0.0,0.0
708,202208082100,950,0.0,0.0,0.0
709,202208082100,951,0.0,0.0,0.0
710,202208082100,953,0.0,0.0,0.0
711,202208082100,954,0.0,0.0,0.0
712,202208082100,955,-99.0,-99.0,-99.0
713,202208082100,956,-99.0,-99.0,-99.0
714,202208082100,957,-99.0,-99.0,-99.0
715,202208082100,958,-99.0,-99.0,-99.0
716,202208082100,959,-99.0,-99.0,-99.0
717,202208082100,960,-99.0,-99.0,-99.0
718,202208082100,961,-99.0,-99.0,-99.0
719,202208082100,963,-99.0,-99.0,-99.0
720,202208082100,964,0.0,0.0,0.0
721,202208082100,965,0.0,0.0,0.5
722,202208082100,966,1.0,1.0,7.5
723,202208082100,967,0.0,0.0,11.5
724,202208082100,970,0.0,0.0,155.0
725,202208082100,972,0.0,0.0,0.0
726,202208082100,973,0.0,0.0,0.0
727,202208082100,974,0.0,0.0,0.0
728,202208082100,977,0.0,0.1,3.1
729,202208082100,978,1.1,0.7,99.8
730,202208082100,980,0.0,0.0,0.0
731,202208082100,982,-99.0,-99.0,-99.0
732,202208082100,983,-99.0,-99.0,-99.0
733,202208082100,984,-99.0,-99.0,-99.0
734,202208082100,989,0.0,0.0,0.0
735,202208082100,990,0.0,0.0,0.0
736,202208082100,991,0.0,0.0,0.0
737,202208082100,992,0.0,0.0,0.0
738,202208082100,994,0.0,0.0,0.0
